comparison,measure,proposal_measure,mean_A,mean_B,diff_mean,diff_ci_low,diff_ci_high,significant_5pct,significant_bonferroni,variance_reduction_vs_independent
1 booth all day - 2 booths 07:00-09:00,Average waiting time (min),True,2.720262761545377,0.11252409688389158,2.6077386646614857,2.2086645242696648,3.0068128050533067,True,True,0.005790932655675429
1 booth all day - 2 booths 07:00-09:00,Maximum queue length (vehicles),True,26.8,4.633333333333334,22.166666666666668,19.564653546882788,24.768679786450548,True,True,0.02465772400895827
1 booth all day - 2 booths 07:00-09:00,"Booth utilization, staffed time (fraction)",True,0.30810058965142145,0.26406145099122164,0.04403913866019973,0.043085098636507134,0.04499317868389232,True,True,0.9881628869910177
1 booth all day - 2 booths 07:00-09:00,"Spillover duration, queue >= K=5 (min)",True,71.18920854864135,0.3338527433965358,70.85535580524483,64.50494166568645,77.20576994480321,True,True,0.0031909850371929505
1 booth all day - 2 booths 07:00-09:00,"Avg wait, vehicles arriving 07:00-09:00 (min)",False,5.459374915506699,0.11516590864120434,5.344209006865495,4.583047529975646,6.105370483755344,True,True,0.007606974083654849
1 booth all day - 2 booths 07:00-09:00,90th-percentile wait (min),False,9.541662800162593,0.4379552137701613,9.103707586392433,7.987876085068496,10.21953908771637,True,True,0.005785940585457006
1 booth all day - 2 booths 07:00-09:00,Utilization inside 07:00-09:00 (fraction),False,0.8788294542679461,0.44310527605717664,0.43572417821076953,0.4259451936759486,0.4455031627455905,True,True,0.8405149698878974
1 booth all day - 2 booths 07:00-09:00,Spillover inside 07:00-09:00 (min),False,70.57510719797672,0.3305568044343848,70.24455039354234,64.21198812389608,76.2771126631886,True,True,0.004941473551481224
1 booth all day - 2 booths 07:00-09:00,Vehicles that joined the queue on the road,False,140.06666666666666,0.5666666666666667,139.5,126.95975194637658,152.04024805362343,True,True,0.01374212606933145
1 booth all day - 2 booths 07:00-10:00,Average waiting time (min),True,2.720262761545377,0.0985010313141333,2.621761730231243,2.2230489537511966,3.020474506711289,True,True,0.007585120217873054
1 booth all day - 2 booths 07:00-10:00,Maximum queue length (vehicles),True,26.8,4.633333333333334,22.166666666666668,19.564653546882788,24.768679786450548,True,True,0.02465772400895827
1 booth all day - 2 booths 07:00-10:00,"Booth utilization, staffed time (fraction)",True,0.30810058965142145,0.24644969400819478,0.06165089564322661,0.0603106197778088,0.06299117150864442,True,True,0.9752691759012787
1 booth all day - 2 booths 07:00-10:00,"Spillover duration, queue >= K=5 (min)",True,71.18920854864135,0.3305568044343848,70.85865174420697,64.50777639544359,77.20952709297035,True,True,0.003052118065769216
1 booth all day - 2 booths 07:00-10:00,"Avg wait, vehicles arriving 07:00-09:00 (min)",False,5.459374915506699,0.11516590864120434,5.344209006865495,4.583047529975646,6.105370483755344,True,True,0.007606974083654849
1 booth all day - 2 booths 07:00-10:00,90th-percentile wait (min),False,9.541662800162593,0.394052418530315,9.14761038163228,8.031805822345445,10.263414940919114,True,True,0.005839387108551475
1 booth all day - 2 booths 07:00-10:00,Utilization inside 07:00-09:00 (fraction),False,0.8788294542679461,0.44310527605717664,0.43572417821076953,0.4259451936759486,0.4455031627455905,True,True,0.8405149698878974
1 booth all day - 2 booths 07:00-10:00,Spillover inside 07:00-09:00 (min),False,70.57510719797672,0.3305568044343848,70.24455039354234,64.21198812389608,76.2771126631886,True,True,0.004941473551481224
1 booth all day - 2 booths 07:00-10:00,Vehicles that joined the queue on the road,False,140.06666666666666,0.5666666666666667,139.5,126.95975194637658,152.04024805362343,True,True,0.01374212606933145
2 booths 07:00-09:00 - 2 booths 07:00-10:00,Average waiting time (min),True,0.11252409688389158,0.0985010313141333,0.014023065569758285,0.010469709543119552,0.017576421596397017,True,True,0.9459656554484306
2 booths 07:00-09:00 - 2 booths 07:00-10:00,Maximum queue length (vehicles),True,4.633333333333334,4.633333333333334,0.0,0.0,0.0,False,False,1.0
2 booths 07:00-09:00 - 2 booths 07:00-10:00,"Booth utilization, staffed time (fraction)",True,0.26406145099122164,0.24644969400819478,0.017611756983026885,0.017224492630487493,0.017999021335566277,True,True,0.9975350448173037
2 booths 07:00-09:00 - 2 booths 07:00-10:00,"Spillover duration, queue >= K=5 (min)",True,0.3338527433965358,0.3305568044343848,0.0032959389621510125,-0.0034450131019003365,0.010036891026202362,False,False,0.9997521929580869
2 booths 07:00-09:00 - 2 booths 07:00-10:00,"Avg wait, vehicles arriving 07:00-09:00 (min)",False,0.11516590864120434,0.11516590864120434,0.0,0.0,0.0,False,False,1.0
2 booths 07:00-09:00 - 2 booths 07:00-10:00,90th-percentile wait (min),False,0.4379552137701613,0.394052418530315,0.04390279523984621,0.030555674705307984,0.05724991577438443,True,True,0.9459152353744638
2 booths 07:00-09:00 - 2 booths 07:00-10:00,Utilization inside 07:00-09:00 (fraction),False,0.44310527605717664,0.44310527605717664,0.0,0.0,0.0,False,False,1.0
2 booths 07:00-09:00 - 2 booths 07:00-10:00,Spillover inside 07:00-09:00 (min),False,0.3305568044343848,0.3305568044343848,0.0,0.0,0.0,False,False,1.0
2 booths 07:00-09:00 - 2 booths 07:00-10:00,Vehicles that joined the queue on the road,False,0.5666666666666667,0.5666666666666667,0.0,0.0,0.0,False,False,1.0
