avg_wait_min,max_queue_veh,utilization,spillover_min,spillover_peak_min,n_vehicles,p90_wait_min,max_wait_min,avg_wait_peak_arrivals_min,peak_utilization,vehicles_queued_on_road,any_spillover,time_avg_queue_Lq,last_departure_clock,spillover_min_K4,spillover_min_K6,seed,config
2.19420253458839,20,0.3197560063429156,73.49189478080672,73.49189478080672,457,8.409739597421934,12.092565117378058,4.674253638589767,0.8914264899180552,133,1,1.4848867610294267,18:15,78.8590934061312,68.68465562046208,1,1 booth all day
0.15115850470250317,5,0.27405544828980816,0.7679666559245888,0.7679666559245888,457,0.5257203543083976,1.7011845132356314,0.18740834849123386,0.44646315032235667,0,1,0.10229377594436895,18:15,3.5412286394243395,0.0,1,2 booths 07:00-09:00
0.1307684347404578,5,0.2558048050743327,0.7679666559245888,0.7679666559245888,457,0.4882978007011362,1.7011845132356314,0.18740834849123386,0.44646315032235667,0,1,0.0884951659866129,18:15,3.5412286394243395,0.0,1,2 booths 07:00-10:00
3.2284873606721027,29,0.31084449839763817,81.77014108408311,80.88285657760845,450,10.82253647788451,14.834054463025879,6.230831858862901,0.9241907622204227,159,1,2.133304782997472,18:21,88.73763552570065,76.5182509310639,2,1 booth all day
0.08458052343034286,5,0.2662879885460942,0.00879022449320388,0.00879022449320388,450,0.35119158369842396,1.2741230699327275,0.09329405290424078,0.47209839268495096,0,1,0.055888722805722005,18:21,0.4997424400577728,0.0,2,2 booths 07:00-09:00
0.071961318616944,5,0.24867559871811054,0.00879022449320388,0.00879022449320388,450,0.29872160933880887,1.2741230699327275,0.09329405290424078,0.47209839268495096,0,1,0.0475502636517595,18:21,0.4997424400577728,0.0,2,2 booths 07:00-10:00
3.6735425887203292,32,0.3160637334022263,82.37790819333541,82.37790819333541,460,13.360038678823262,16.577042142480636,7.238810314499783,0.9398392732945438,161,1,2.4592139072757786,18:27,86.23798489640104,81.03785954880067,3,1 booth all day
0.09268446962662988,4,0.27091177148762235,0.0,0.0,460,0.31494656260838433,1.7451937958621357,0.11124036473137897,0.4781001463167382,0,0,0.06204662970130066,18:27,0.5289521058402258,0.0,3,2 booths 07:00-09:00
0.08415525547863334,4,0.2528509867217808,0.0,0.0,460,0.3100384784720291,1.1208085872957838,0.11124036473137897,0.4781001463167382,0,0,0.05633683825494831,18:27,0.5289521058402258,0.0,3,2 booths 07:00-10:00
4.165781056118852,38,0.30292030590080343,80.2594865333345,80.2594865333345,438,14.912367605129782,17.011225692919794,8.760628297037645,0.8513587395178827,160,1,2.659040958472783,18:26,81.52096455965147,75.69612744456974,4,1 booth all day
0.09265827724755539,4,0.2596459764864027,0.0,0.0,438,0.3745753033562795,1.1981293878381223,0.10029928176760608,0.4256793697589412,0,0,0.059144287955527904,18:26,0.04378253212453842,0.0,4,2 booths 07:00-09:00
0.0695963391586745,4,0.24233624472064247,0.0,0.0,438,0.30737977604610905,1.0557510062040336,0.10029928176760608,0.4256793697589412,0,0,0.04442372604072807,18:26,0.04378253212453842,0.0,4,2 booths 07:00-10:00
2.9542389383215997,30,0.32939496580638405,79.22524815971968,79.22524815971968,472,10.868545314468063,14.350842488033777,5.924794199260538,0.9588721936705334,149,1,2.0899917213361254,18:07,81.67951803367511,74.85852295705769,5,1 booth all day
0.15047913584584824,5,0.2823385421197579,0.2969247465594478,0.2969247465594478,472,0.5937012668656146,1.5833851457928745,0.17099147417986532,0.47943609683526667,0,1,0.10645724828551441,18:07,2.22606330427476,0.0,5,2 booths 07:00-09:00
0.13275858549786076,5,0.26351597264510745,0.2969247465594478,0.2969247465594478,472,0.5405505412802342,1.5833851457928745,0.17099147417986532,0.47943609683526667,0,1,0.09392075266073766,18:07,2.22606330427476,0.0,5,2 booths 07:00-10:00
2.1709440160675633,24,0.3186403285883355,76.11411726245865,76.11411726245865,468,7.846159553001748,10.92839420943892,4.505084404193508,0.9019086097445538,148,1,1.5059710701047746,18:15,82.82031406955014,66.31935476254819,6,1 booth all day
0.06899470198226029,3,0.27312028164714497,0.0,0.0,468,0.2632131595872296,1.2697893629300552,0.05389762142463174,0.4509543048722768,0,0,0.047861218164435095,18:15,0.0,0.0,6,2 booths 07:00-09:00
0.06029555111326628,3,0.2548046674842073,0.0,0.0,468,0.2423942284613113,1.2697893629300552,0.05389762142463174,0.4509543048722768,0,0,0.04182666847258617,18:15,0.0,0.0,6,2 booths 07:00-10:00
1.2997865133332585,15,0.25010428818406694,43.39172921483187,43.39172921483187,384,4.6997682873586575,7.204217856929269,2.617546060958264,0.7375458359840031,89,1,0.7554980579924713,18:01,47.48001098758653,41.307250462133744,7,1 booth all day
0.1044056053841038,5,0.21437510415777175,0.3532550590426773,0.3532550590426773,384,0.441135480083936,1.0257875465254642,0.12283807915133219,0.36899756080804985,0,1,0.06068552897116786,18:01,1.1554234661430876,0.0,7,2 booths 07:00-09:00
0.09704889856675235,5,0.20008343054725353,0.3532550590426773,0.3532550590426773,384,0.4129582881352974,1.0257875465254642,0.12283807915133219,0.36899756080804985,0,1,0.05640945928071096,18:01,1.1554234661430876,0.0,7,2 booths 07:00-10:00
3.789258163782736,31,0.30949916885905215,88.42253168828123,88.42253168828123,448,11.864160437505728,14.759350686424483,7.642707691740883,0.913694407798873,176,1,2.514693961908345,18:15,91.04362325611116,85.52142801047307,8,1 booth all day
0.12108057313472309,5,0.26528500187918735,0.28493326244278094,0.28493326244278094,448,0.44953525606211714,1.5940469988988184,0.13900201573512003,0.45876772359422524,0,1,0.08035361355857935,18:15,1.925632961442954,0.0,8,2 booths 07:00-09:00
0.11287376913594323,5,0.24759933508724147,0.28493326244278094,0.28493326244278094,448,0.41378097710031775,1.5940469988988184,0.13900201573512003,0.45876772359422524,0,1,0.07490727035094344,18:15,1.925632961442954,0.0,8,2 booths 07:00-10:00
5.4285050225756715,40,0.3259969647277344,103.83351971403285,96.84292505334084,477,16.233197818302116,18.666264330112313,10.49120417081985,0.9439978395537284,203,1,3.84907714978006,18:13,108.44751672211372,99.6193570611781,9,1 booth all day
0.10403142007834504,3,0.2794259697666295,0.0,0.0,477,0.39423422814656706,1.3121228969594085,0.10139864720822284,0.496512308024226,0,0,0.07376339530266074,18:13,0.0,0.0,9,2 booths 07:00-09:00
0.09461927674678301,3,0.2606180647307612,0.0,0.0,477,0.3794401046353855,1.3121228969594085,0.10139864720822284,0.496512308024226,0,0,0.0670897225921617,18:13,0.0,0.0,9,2 booths 07:00-10:00
2.5864008408736163,30,0.3211039934579558,66.51486896506069,66.51486896506069,461,9.355108760535757,14.465172562794159,5.26083141966516,0.8653970403613457,133,1,1.7519216817780123,18:21,70.71177603291741,60.70400405440401,10,1 booth all day
0.10646203935168737,4,0.275194615708428,0.0,0.0,461,0.4199068533509944,1.9351342149126367,0.08774640834566223,0.4383030277469616,0,0,0.07211301205869002,18:21,0.2592301973819602,0.0,10,2 booths 07:00-09:00
0.09339143170098807,4,0.2566718682113908,0.0,0.0,461,0.37914867649651995,1.9351342149126367,0.08774640834566223,0.4383030277469616,0,0,0.06325951936900348,18:21,0.2592301973819602,0.0,10,2 booths 07:00-10:00
1.7162970961480706,19,0.33187147633087827,55.93813078589961,55.93813078589961,480,6.418348722301697,9.317391820927497,3.63032020277943,0.8860181490149552,107,1,1.1977282066368948,18:28,63.93370453983046,50.95936653516691,11,1 booth all day
0.10565449710314713,4,0.2844612654264669,0.0,0.0,480,0.3940651636924888,1.4791596362500172,0.06760846295655812,0.44300907450747756,0,0,0.0737316235181452,18:28,0.01888482201832531,0.0,11,2 booths 07:00-09:00
0.09354675915101932,4,0.2654971810647024,0.0,0.0,480,0.3717108416444277,1.4791596362500172,0.06760846295655812,0.44300907450747756,0,0,0.06528216608074802,18:28,0.01888482201832531,0.0,11,2 booths 07:00-10:00
2.6379708553573598,32,0.3031596602800834,74.49914722446937,74.49914722446937,452,9.763376804558536,16.05988902922232,5.300958230406163,0.8642635678617272,150,1,1.7872901847699043,18:07,81.70934312001864,67.96418977607298,12,1 booth all day
0.1965653204337504,8,0.25978971248771254,4.132249839679709,4.132249839679709,452,0.7636684246512111,2.7339783868048926,0.23896143322510058,0.4321317839308637,10,1,0.1331778427968268,18:07,8.642306811488087,1.6544143595602847,12,2 booths 07:00-09:00
0.18961522999013208,8,0.24252772822406654,4.132249839679709,4.132249839679709,452,0.7424904220157114,2.7339783868048926,0.23896143322510058,0.4321317839308637,10,1,0.12846898545372343,18:07,8.642306811488087,1.6544143595602847,12,2 booths 07:00-10:00
3.924741954058121,37,0.30597039061833886,78.24809305468335,78.24809305468335,452,14.332746970883996,17.45992848978743,7.81669240733798,0.9013530003902157,156,1,2.6082315851167976,18:20,79.42932631095896,76.90910426242476,13,1 booth all day
0.12308133363555941,6,0.2622603348157192,0.13734742291226354,0.13734742291226354,452,0.4821264688966718,1.317084523595348,0.1454843696995972,0.45107429260530074,1,1,0.08179509014462216,18:20,0.8351447096849611,0.050080470234519225,13,2 booths 07:00-09:00
0.11524901391993735,6,0.2447763124946712,0.13734742291226354,0.13734742291226354,452,0.4200200806226822,1.317084523595348,0.1454843696995972,0.45107429260530074,1,1,0.07659003363233459,18:20,0.8351447096849611,0.050080470234519225,13,2 booths 07:00-10:00
2.0456948380761366,27,0.29096996532787645,56.264104487296535,56.264104487296535,420,7.777726601605074,13.183867664038118,4.206112013827521,0.806302833383283,114,1,1.2616032180542407,18:21,57.98651125213472,54.81532952038018,14,1 booth all day
0.12401746624699539,5,0.249402827423894,0.6786576568999934,0.6786576568999934,420,0.482722299855481,1.2205670675749047,0.15031052554491095,0.40439813805433417,0,1,0.07648297859483548,18:21,2.65063207398531,0.0,14,2 booths 07:00-09:00
0.10672260240644281,5,0.23277597226230107,0.6786576568999934,0.6786576568999934,420,0.44630243160173266,1.2205670675749047,0.15031052554491095,0.40439813805433417,0,1,0.06581703982873345,18:21,2.65063207398531,0.0,14,2 booths 07:00-10:00
2.945895824172328,26,0.2941259633852395,86.04626104326695,86.04626104326695,416,9.109669537680947,11.138367804760016,5.567377950271089,0.9148119737264337,171,1,1.811658091203206,18:16,89.88733218773484,78.75688936956216,15,1 booth all day
0.09263916166255948,3,0.25210796861591933,0.0,0.0,416,0.3713459463820712,1.3989983116302938,0.07221697062264554,0.45740598686321665,0,0,0.05697095104692338,18:16,0.0,0.0,15,2 booths 07:00-09:00
0.08702271800122235,3,0.23530077070819144,0.0,0.0,416,0.365233845430879,1.3989983116302938,0.07221697062264554,0.45740598686321665,0,0,0.05351696753557259,18:16,0.0,0.0,15,2 booths 07:00-10:00
3.055610438627287,29,0.3083965605250056,77.52617231480389,77.52617231480389,442,10.137202780570176,14.13831041068211,6.162509380720648,0.8871908666980545,147,1,1.9750081294960093,18:24,85.37674620036847,73.50475618844541,16,1 booth all day
0.15200017467021884,6,0.2643399090214334,0.5674543450721146,0.5674543450721146,442,0.5669760008050725,1.4929637269033265,0.16533304114576738,0.4435954333490271,1,1,0.0982460253648561,18:24,2.1493087072708477,0.027706711485130597,16,2 booths 07:00-09:00
0.13713084195430378,6,0.24671724842000448,0.5674543450721146,0.5674543450721146,442,0.551098144190109,1.4929637269033265,0.16533304114576738,0.4435954333490271,1,1,0.08863516246725907,18:24,2.1493087072708477,0.027706711485130597,16,2 booths 07:00-10:00
1.239522624645186,17,0.2827556809793881,38.74030764519516,38.74030764519516,420,5.577935191507506,7.700524561480876,2.585403528621863,0.7402220141301084,79,1,0.7711552375426246,18:15,42.47486616164129,35.39751733692607,17,1 booth all day
0.1046491265870257,4,0.24236201226804707,0.0,0.0,420,0.4038215669022763,1.865768896590481,0.06346242182595106,0.3701110070650543,0,0,0.06510629210575856,18:15,0.1621794877702598,0.0,17,2 booths 07:00-09:00
0.06858939530607108,4,0.22615897034706298,0.0,0.0,420,0.2853167761053996,0.9931939950842548,0.06346242182595106,0.3701110070650543,0,0,0.04267213068845669,18:15,0.1621794877702598,0.0,17,2 booths 07:00-10:00
1.8231170875593872,22,0.315504342105475,54.793599383090985,54.793599383090985,458,7.849597890153536,11.114649935904993,3.7950589645939146,0.8643254906712262,106,1,1.2282190421032553,18:20,59.25387246923289,50.470738648378386,18,1 booth all day
0.08056617514935464,4,0.27029266508820643,0.0,0.0,458,0.3113383322676326,1.06180660801175,0.08302027676231029,0.43216274533561294,0,0,0.05427677198743831,18:20,0.0013341039871122007,0.0,18,2 booths 07:00-09:00
0.07412739788469086,4,0.2524034736843799,0.0,0.0,458,0.30079853252849986,1.06180660801175,0.08302027676231029,0.43216274533561294,0,0,0.049939020507686484,18:20,0.0013341039871122007,0.0,18,2 booths 07:00-10:00
1.434761387559263,17,0.3189000543440933,47.307714472354405,47.307714472354405,451,5.96424431364801,9.679158289762796,3.1606040415583383,0.8124152491714304,90,1,0.950927117699363,18:20,53.11803667145118,45.36495242709627,19,1 booth all day
0.11336015932410118,4,0.273313054246855,0.0,0.0,451,0.44721393334862114,1.3622597127549625,0.09039726138404762,0.4115677051751848,0,0,0.07513252761240448,18:20,0.20847260039456472,0.0,19,2 booths 07:00-09:00
0.08850716315614052,4,0.2551200434752745,0.0,0.0,451,0.3521323668438754,1.2396434759400279,0.09039726138404762,0.4115677051751848,0,0,0.05866052870226099,18:20,0.20847260039456472,0.0,19,2 booths 07:00-10:00
3.253622786330605,31,0.3038015286097868,77.09718869783967,76.99831052897514,445,11.677458791641023,14.264890012041562,6.482306173572829,0.8864389779835752,155,1,2.114151085359769,18:25,81.23902360349592,75.45678277168179,20,1 booth all day
0.13222523174657133,5,0.2604013102369599,0.128634543723102,0.029756374858571633,445,0.5038969527447112,1.8535670891754137,0.11064602774762297,0.4432194889917876,0,1,0.08591780165279304,18:25,2.1565131328036315,0.0,20,2 booths 07:00-09:00
0.08558669133185287,5,0.24304122288782923,0.029756374858571633,0.029756374858571633,445,0.33792337030507447,0.9636637692594263,0.11064602774762297,0.4432194889917876,0,1,0.05561283782858362,18:25,0.8266808801182535,0.0,20,2 booths 07:00-10:00
3.5038220475128634,32,0.30577051301943997,80.29823660571844,80.29823660571844,458,11.98228915451688,15.057807588522422,6.8102803480746985,0.905721557867535,170,1,2.327216238329263,18:30,81.86572063972619,76.77721478965174,21,1 booth all day
0.17104806600021266,6,0.26208901115952,1.80261872570307,1.80261872570307,458,0.6628624030015902,2.00995575147482,0.17371302836689906,0.4535566251452664,4,1,0.11360903360176967,18:30,4.718362614053184,0.15836149149620837,21,2 booths 07:00-09:00
0.16630273938756918,6,0.24461641041555196,1.80261872570307,1.80261872570307,458,0.6387011387191162,2.00995575147482,0.17371302836689906,0.4535566251452664,4,1,0.1104572179560639,18:30,4.718362614053184,0.15836149149620837,21,2 booths 07:00-10:00
2.346856974088545,30,0.30913424963849945,70.29600053431261,70.29600053431261,457,9.083943307736085,12.673154242600205,4.591805765077288,0.92338542426559,139,1,1.5647352022738126,18:25,73.08481663714522,67.13033932130796,22,1 booth all day
0.08467204017677807,3,0.2649722139758567,0.0,0.0,457,0.3140717673432591,1.1302755947894525,0.07731443408306223,0.4647904793137783,0,0,0.05645393962041612,18:25,0.0,0.0,22,2 booths 07:00-09:00
0.07578386798481404,3,0.24730739971079968,0.0,0.0,457,0.2881248685071896,0.9585692321942929,0.07731443408306223,0.4647904793137783,0,0,0.05052787081171139,18:25,0.0,0.0,22,2 booths 07:00-10:00
1.562003390491028,21,0.3226510849637178,62.54757276879759,62.54757276879759,464,5.028523212664874,8.838163229233423,3.063700152983805,0.8919675701050171,126,1,1.0560710665962196,18:26,68.91791842734591,57.29381578492536,23,1 booth all day
0.13618678138675164,6,0.2763597095252657,0.5596575457359592,0.5596575457359592,464,0.522163100791937,1.5290485255528097,0.11022289126780446,0.44664931171640443,1,1,0.09207593296593367,18:26,1.2656801458598181,0.29583968684416106,23,2 booths 07:00-09:00
0.11119797830678667,6,0.2579540259585618,0.5596575457359592,0.5596575457359592,464,0.4585837258220535,1.3734541798716577,0.11022289126780446,0.44664931171640443,1,1,0.0751809940162009,18:26,1.2528063698477752,0.29583968684416106,23,2 booths 07:00-10:00
1.3007057496031238,16,0.2820969473642092,43.37597762645338,43.37597762645338,407,5.833990329085814,8.115493475672686,2.5656784460894655,0.8132935390833019,87,1,0.7838813737300294,18:15,46.08804339391736,38.72903769497482,24,1 booth all day
0.09439304494406986,5,0.24177942718264847,0.212251816995078,0.212251816995078,407,0.3909966500378348,1.2812617949491312,0.0984961807817519,0.40760339602918616,0,1,0.056886770711896115,18:15,0.6668145499218241,0.0,24,2 booths 07:00-09:00
0.08688032490188545,5,0.22567755789136723,0.212251816995078,0.212251816995078,407,0.3754662888845334,1.2812617949491312,0.0984961807817519,0.40760339602918616,0,1,0.05235916613344819,18:15,0.6668145499218241,0.0,24,2 booths 07:00-10:00
4.1705539303839885,33,0.32526630975894677,100.39014696665274,100.16829666770232,460,11.61880383204731,15.004510500849136,8.306505475170098,0.9399457681715309,195,1,2.8079055577638465,18:23,102.56664897197376,98.90159177863973,25,1 booth all day
0.10248817982720498,4,0.2787996940790975,0.0,0.0,460,0.4245298544262248,1.0073333505893345,0.10060657911993123,0.48088771537600394,0,0,0.06900213605807835,18:23,0.0011411793754234623,0.0,25,2 booths 07:00-09:00
0.09064850078765813,4,0.26021304780715765,0.0,0.0,460,0.3779541246760568,0.9656162669659807,0.10060657911993123,0.48088771537600394,0,0,0.06103084468234907,18:23,0.0011411793754234623,0.0,25,2 booths 07:00-10:00
2.8326509053387685,23,0.3329787788997455,86.97555858233879,86.97555858233879,475,8.27148216407755,11.673064109663272,5.819273158376927,0.9186402638045796,178,1,1.9502161640103244,18:30,88.21057924137844,86.42540521591155,26,1 booth all day
0.10182232110108139,4,0.28541038191406753,0.0,0.0,475,0.35870304768590633,1.3424303179835988,0.08265855033950442,0.4627034296792566,0,0,0.0701023681012433,18:30,0.06342813984227291,0.0,26,2 booths 07:00-09:00
0.09285984302291185,4,0.26638302311979634,0.0,0.0,475,0.32913573535653046,1.3424303179835988,0.08265855033950442,0.4627034296792566,0,0,0.06393190439013378,18:30,0.06342813984227291,0.0,26,2 booths 07:00-10:00
4.4119571516670595,37,0.3224656555865847,93.76111862462741,83.53668573967016,465,12.887518241692074,18.627364189588434,8.251673499555807,0.9495645573431685,183,1,2.98817946449122,18:27,98.29257147789704,90.93515960815658,27,1 booth all day
0.11066441658982488,5,0.2763991333599297,0.0123529973943306,0.0123529973943306,465,0.42706349552896655,1.3537318909580165,0.12373926467376854,0.5075718756027893,0,1,0.07495202825772383,18:27,0.7217017747975376,0.0,27,2 booths 07:00-09:00
0.09337913144749099,5,0.2577600385227205,0.0123529973943306,0.0123529973943306,465,0.36226289857361565,1.3537318909580165,0.12373926467376854,0.5075718756027893,0,1,0.0632448578740131,18:27,0.7217017747975376,0.0,27,2 booths 07:00-10:00
1.8668542280899647,22,0.29929361480390687,53.24558142156385,53.24558142156385,434,8.416661385506487,10.655403614349169,4.031273630159367,0.8185809168500825,99,1,1.1880489859430765,18:22,59.43553542718438,48.460772827119925,28,1 booth all day
0.1035725248746151,5,0.2565373841176346,0.03276771792392452,0.03276771792392452,434,0.46668980952833855,1.03288597157578,0.1268641444682345,0.40929045842504136,0,1,0.06591260918895951,18:22,0.9135946800565264,0.0,28,2 booths 07:00-09:00
0.08825774577223938,5,0.23943489184312558,0.03276771792392452,0.03276771792392452,434,0.38055766000133817,1.03288597157578,0.1268641444682345,0.40929045842504136,0,1,0.05616642359570339,18:22,0.9135946800565264,0.0,28,2 booths 07:00-10:00
1.8218711303536796,21,0.29570434428161657,55.71471230503595,55.71471230503595,443,7.784208954585889,9.836741053380429,3.8442445634620204,0.828502316637079,108,1,1.1984129771987946,18:13,62.10114232703336,51.67465579814094,29,1 booth all day
0.08022103330724036,4,0.2533736875145432,0.0,0.0,443,0.3479343687895324,0.8962829192089359,0.09885139360001718,0.41426305417794423,0,0,0.05276878575985248,18:13,0.11151187211380886,0.0,29,2 booths 07:00-09:00
0.0752879346399907,4,0.23656347542529316,0.0,0.0,443,0.3345050949295059,0.8962829192089359,0.09885139360001718,0.41426305417794423,0,0,0.04952383096467638,18:13,0.11151187211380886,0.0,29,2 booths 07:00-10:00
2.2222254112444197,23,0.28787631505269773,67.20918631889492,67.20918631889492,433,8.36253328798278,10.327004726500803,4.442777476933426,0.8837083988155494,131,1,1.397484729163519,18:29,71.04013060365176,62.078907176970255,30,1 booth all day
0.0893606009656855,5,0.24675112718802647,0.0397197413938315,0.0397197413938315,433,0.3683067783570665,0.9855782187498789,0.10695370768135083,0.4418541994077748,0,1,0.05619595321272514,18:29,0.6097256830788425,0.0,30,2 booths 07:00-09:00
0.08086619931453581,5,0.23030105204215798,0.0397197413938315,0.0397197413938315,433,0.33054372848397123,0.9855782187498789,0.10695370768135083,0.4418541994077748,0,1,0.05085410241271312,18:29,0.6097256830788425,0.0,30,2 booths 07:00-10:00
