round,comparison,measure,n,diff_mean,half_width,target,target_met,reps_needed_next,ci_low,ci_high
1,1 booth all day - 2 booths 07:00-09:00,avg_wait_min,77,2.961784770218794,0.3520807221302221,0.25,False,153,2.6097040480885716,3.313865492349016
1,1 booth all day - 2 booths 07:00-09:00,spillover_min,77,72.71152067132755,4.504044329265745,5.0,True,63,68.20747634206181,77.21556500059329
1,1 booth all day - 2 booths 07:00-09:00,max_queue_veh,77,24.285714285714285,2.196833157783749,2.0,False,93,22.088881127930534,26.482547443498035
1,1 booth all day - 2 booths 07:00-09:00,utilization,77,0.04424682706373977,0.0005467879240232174,0.02,True,1,0.043700039139716554,0.04479361498776299
1,1 booth all day - 2 booths 07:00-10:00,avg_wait_min,77,2.975597499751944,0.351896087179202,0.25,False,153,2.623701412572742,3.327493586931146
1,1 booth all day - 2 booths 07:00-10:00,spillover_min,77,72.7238952781666,4.502134565276952,5.0,True,63,68.22176071288965,77.22602984344354
1,1 booth all day - 2 booths 07:00-10:00,max_queue_veh,77,24.31168831168831,2.193560824580881,2.0,False,93,22.11812748710743,26.505249136269192
1,1 booth all day - 2 booths 07:00-10:00,utilization,77,0.061921095492159975,0.0007630678311776854,0.02,True,1,0.061158027660982286,0.06268416332333766
1,2 booths 07:00-09:00 - 2 booths 07:00-10:00,avg_wait_min,77,0.013812729533149251,0.0017760336255346226,0.25,True,1,0.01203669590761463,0.015588763158683874
1,2 booths 07:00-09:00 - 2 booths 07:00-10:00,spillover_min,77,0.012374606839054869,0.02220271442864837,5.0,True,1,-0.0098281075895935,0.034577321267703236
1,2 booths 07:00-09:00 - 2 booths 07:00-10:00,max_queue_veh,77,0.025974025974025976,0.036338421574852175,2.0,True,1,-0.0103643956008262,0.06231244754887815
1,2 booths 07:00-09:00 - 2 booths 07:00-10:00,utilization,77,0.0176742684284202,0.00021714763549755283,0.02,True,1,0.017457120792922647,0.01789141606391775
2,1 booth all day - 2 booths 07:00-09:00,avg_wait_min,153,3.028151110935213,0.25066927121217114,0.25,False,154,2.7774818397230416,3.278820382147384
2,1 booth all day - 2 booths 07:00-09:00,spillover_min,153,72.99546055143183,3.3011788180212776,5.0,True,67,69.69428173341055,76.29663936945312
2,1 booth all day - 2 booths 07:00-09:00,max_queue_veh,153,24.477124183006534,1.5503374626428257,2.0,True,92,22.926786720363708,26.02746164564936
2,1 booth all day - 2 booths 07:00-09:00,utilization,153,0.04422372639871766,0.00037717905714047486,0.02,True,1,0.04384654734157718,0.04460090545585814
2,1 booth all day - 2 booths 07:00-10:00,avg_wait_min,153,3.041754982594879,0.25056305162446213,0.25,False,154,2.7911919309704167,3.292318034219341
2,1 booth all day - 2 booths 07:00-10:00,spillover_min,153,73.00454170795882,3.3010889485435166,5.0,True,67,69.7034527594153,76.30563065650234
2,1 booth all day - 2 booths 07:00-10:00,max_queue_veh,153,24.49019607843137,1.5491496580597428,2.0,True,92,22.941046420371627,26.039345736491114
2,1 booth all day - 2 booths 07:00-10:00,utilization,153,0.06189048570933555,0.0005271537142581805,0.02,True,1,0.06136333199507737,0.06241763942359373
2,2 booths 07:00-09:00 - 2 booths 07:00-10:00,avg_wait_min,153,0.013603871659666788,0.0013116426945135574,0.25,True,1,0.01229222896515323,0.014915514354180346
2,2 booths 07:00-09:00 - 2 booths 07:00-10:00,spillover_min,153,0.009081156526984456,0.012406235933116688,5.0,True,1,-0.003325079406132232,0.021487392460101146
2,2 booths 07:00-09:00 - 2 booths 07:00-10:00,max_queue_veh,153,0.013071895424836602,0.01820161448921988,2.0,True,1,-0.0051297190643832796,0.03127350991405648
2,2 booths 07:00-09:00 - 2 booths 07:00-10:00,utilization,153,0.017666759310617893,0.00015055089457556608,0.02,True,1,0.017516208416042327,0.01781731020519346
3,1 booth all day - 2 booths 07:00-09:00,avg_wait_min,154,3.0191716912227653,0.24965422883983,0.25,True,154,2.7695174623829355,3.268825920062595
3,1 booth all day - 2 booths 07:00-09:00,spillover_min,154,72.92331103022907,3.282596661519287,5.0,True,67,69.64071436870978,76.20590769174837
3,1 booth all day - 2 booths 07:00-09:00,max_queue_veh,154,24.4025974025974,1.547178239449291,2.0,True,93,22.85541916314811,25.949775642046692
3,1 booth all day - 2 booths 07:00-09:00,utilization,154,0.04422703105213319,0.0003747590583374426,0.02,True,1,0.043852271993795745,0.04460179011047063
3,1 booth all day - 2 booths 07:00-10:00,avg_wait_min,154,3.032766415982988,0.24955025885062013,0.25,True,154,2.783216157132368,3.2823166748336083
3,1 booth all day - 2 booths 07:00-10:00,spillover_min,154,72.93233321820718,3.282512527207559,5.0,True,67,69.64982069099962,76.21484574541473
3,1 booth all day - 2 booths 07:00-10:00,max_queue_veh,154,24.415584415584416,1.546019573610721,2.0,True,93,22.869564841973695,25.961603989195137
3,1 booth all day - 2 booths 07:00-10:00,utilization,154,0.061895259829629415,0.0005237769114772309,0.02,True,1,0.061371482918152184,0.062419036741106645
3,2 booths 07:00-09:00 - 2 booths 07:00-10:00,avg_wait_min,154,0.013594724760222936,0.0013031546564662825,0.25,True,1,0.012291570103756653,0.014897879416689219
3,2 booths 07:00-09:00 - 2 booths 07:00-10:00,spillover_min,154,0.009022187978107932,0.012325316872616811,5.0,True,1,-0.003303128894508879,0.021347504850724744
3,2 booths 07:00-09:00 - 2 booths 07:00-10:00,max_queue_veh,154,0.012987012987012988,0.0180828651652447,2.0,True,1,-0.005095852178231712,0.031069878152257688
3,2 booths 07:00-09:00 - 2 booths 07:00-10:00,utilization,154,0.01766822877749624,0.00014959042471262017,0.02,True,1,0.017518638352783618,0.01781781920220886
