arrival_scale,service_scale,comparison,measure,mean_A,mean_B,diff,diff_ci_low,diff_ci_high
0.8,0.85,1 booth all day - 2 booths 07:00-09:00,avg_wait_min,0.3300227470082366,0.04736441216374946,0.2826583348444871,0.22810241592439792,0.33721425376457626
0.8,0.85,1 booth all day - 2 booths 07:00-09:00,spillover_min,6.620422996640337,0.0,6.620422996640337,3.758036774775998,9.482809218504675
0.8,0.85,1 booth all day - 2 booths 07:00-09:00,max_queue_veh,7.466666666666667,3.2666666666666666,4.2,3.115103872782165,5.284896127217835
0.8,0.85,1 booth all day - 2 booths 07:00-09:00,utilization,0.20873638218155208,0.17890185632449207,0.029834525857059983,0.029132996196239866,0.0305360555178801
0.8,0.85,1 booth all day - 2 booths 07:00-10:00,avg_wait_min,0.3300227470082366,0.038663353327258974,0.2913593936809776,0.2370972175811611,0.34562156978079406
0.8,0.85,1 booth all day - 2 booths 07:00-10:00,spillover_min,6.620422996640337,0.0,6.620422996640337,3.758036774775998,9.482809218504675
0.8,0.85,1 booth all day - 2 booths 07:00-10:00,max_queue_veh,7.466666666666667,3.1666666666666665,4.3,3.247724591483792,5.352275408516208
0.8,0.85,1 booth all day - 2 booths 07:00-10:00,utilization,0.20873638218155208,0.16698238916641034,0.04175399301514167,0.040769260988226884,0.042738725042056454
0.8,0.85,2 booths 07:00-09:00 - 2 booths 07:00-10:00,avg_wait_min,0.04736441216374946,0.038663353327258974,0.008701058836490498,0.006907884196596814,0.01049423347638418
0.8,0.85,2 booths 07:00-09:00 - 2 booths 07:00-10:00,spillover_min,0.0,0.0,0.0,0.0,0.0
0.8,0.85,2 booths 07:00-09:00 - 2 booths 07:00-10:00,max_queue_veh,3.2666666666666666,3.1666666666666665,0.1,-0.05032505835945825,0.2503250583594583
0.8,0.85,2 booths 07:00-09:00 - 2 booths 07:00-10:00,utilization,0.17890185632449207,0.16698238916641034,0.011919467158081686,0.011635739202579385,0.012203195113583988
0.8,1.0,1 booth all day - 2 booths 07:00-09:00,avg_wait_min,0.7303482228594732,0.07299203774499956,0.6573561851144737,0.5195092947267432,0.7952030755022041
0.8,1.0,1 booth all day - 2 booths 07:00-09:00,spillover_min,19.207421187136347,0.0,19.207421187136347,14.368282056818856,24.04656031745384
0.8,1.0,1 booth all day - 2 booths 07:00-09:00,max_queue_veh,11.133333333333333,3.433333333333333,7.7,6.032526086863348,9.367473913136653
0.8,1.0,1 booth all day - 2 booths 07:00-09:00,utilization,0.24557221433123771,0.2104624763350066,0.035109737996231176,0.03428601876775368,0.03593345722470867
0.8,1.0,1 booth all day - 2 booths 07:00-10:00,avg_wait_min,0.7303482228594732,0.06046097087033744,0.6698872519891357,0.5323669108082415,0.8074075931700299
0.8,1.0,1 booth all day - 2 booths 07:00-10:00,spillover_min,19.207421187136347,0.0,19.207421187136347,14.368282056818856,24.04656031745384
0.8,1.0,1 booth all day - 2 booths 07:00-10:00,max_queue_veh,11.133333333333333,3.3666666666666667,7.766666666666667,6.115030589795075,9.41830274353826
0.8,1.0,1 booth all day - 2 booths 07:00-10:00,utilization,0.24557221433123771,0.19645192224886446,0.04912029208237325,0.04796131020528222,0.05027927395946428
0.8,1.0,2 booths 07:00-09:00 - 2 booths 07:00-10:00,avg_wait_min,0.07299203774499956,0.06046097087033744,0.01253106687466212,0.010035671151266013,0.015026462598058225
0.8,1.0,2 booths 07:00-09:00 - 2 booths 07:00-10:00,spillover_min,0.0,0.0,0.0,0.0,0.0
0.8,1.0,2 booths 07:00-09:00 - 2 booths 07:00-10:00,max_queue_veh,3.433333333333333,3.3666666666666667,0.06666666666666667,-0.028069506656465057,0.16140283998979837
0.8,1.0,2 booths 07:00-09:00 - 2 booths 07:00-10:00,utilization,0.2104624763350066,0.19645192224886446,0.014010554086142085,0.01367436017903719,0.01434674799324698
0.8,1.15,1 booth all day - 2 booths 07:00-09:00,avg_wait_min,1.672886456780887,0.10889136824258545,1.5639950885383014,1.2822223327845288,1.845767844292074
0.8,1.15,1 booth all day - 2 booths 07:00-09:00,spillover_min,45.88683618561786,0.0390096193045063,45.84782656631334,39.5058224444397,52.18983068818697
0.8,1.15,1 booth all day - 2 booths 07:00-09:00,max_queue_veh,17.466666666666665,3.8333333333333335,13.633333333333333,11.627307446277324,15.639359220389341
0.8,1.15,1 booth all day - 2 booths 07:00-09:00,utilization,0.2824080464809234,0.24203168399585553,0.04037636248506782,0.03942523003141973,0.04132749493871591
0.8,1.15,1 booth all day - 2 booths 07:00-10:00,avg_wait_min,1.672886456780887,0.09164956558922138,1.5812368911916654,1.2998276816121523,1.8626461007711785
0.8,1.15,1 booth all day - 2 booths 07:00-10:00,spillover_min,45.88683618561786,0.0390096193045063,45.84782656631334,39.5058224444397,52.18983068818697
0.8,1.15,1 booth all day - 2 booths 07:00-10:00,max_queue_veh,17.466666666666665,3.7666666666666666,13.7,11.699574419479926,15.700425580520072
0.8,1.15,1 booth all day - 2 booths 07:00-10:00,utilization,0.2824080464809234,0.22590643713536665,0.05650160934555672,0.055169529748668206,0.05783368894244524
0.8,1.15,2 booths 07:00-09:00 - 2 booths 07:00-10:00,avg_wait_min,0.10889136824258545,0.09164956558922138,0.017241802653364065,0.014024584867952885,0.020459020438775247
0.8,1.15,2 booths 07:00-09:00 - 2 booths 07:00-10:00,spillover_min,0.0390096193045063,0.0390096193045063,0.0,0.0,0.0
0.8,1.15,2 booths 07:00-09:00 - 2 booths 07:00-10:00,max_queue_veh,3.8333333333333335,3.7666666666666666,0.06666666666666667,-0.028069506656465057,0.16140283998979837
0.8,1.15,2 booths 07:00-09:00 - 2 booths 07:00-10:00,utilization,0.24203168399585553,0.22590643713536665,0.01612524686048891,0.015742685903468685,0.016507807817509133
0.9,0.85,1 booth all day - 2 booths 07:00-09:00,avg_wait_min,0.5494819874055162,0.05704476359448438,0.49243722381103194,0.3916401596943824,0.5932342879276815
0.9,0.85,1 booth all day - 2 booths 07:00-09:00,spillover_min,15.7149770710005,0.0,15.7149770710005,11.519071642583228,19.910882499417774
0.9,0.85,1 booth all day - 2 booths 07:00-09:00,max_queue_veh,10.633333333333333,3.3666666666666667,7.266666666666667,5.631854850667855,8.901478482665478
0.9,0.85,1 booth all day - 2 booths 07:00-09:00,utilization,0.23351938575751305,0.20015363869090014,0.0333657470666129,0.032628450629018334,0.03410304350420746
0.9,0.85,1 booth all day - 2 booths 07:00-10:00,avg_wait_min,0.5494819874055162,0.04914157240100585,0.5003404150045105,0.39974132937033846,0.6009395006386826
0.9,0.85,1 booth all day - 2 booths 07:00-10:00,spillover_min,15.7149770710005,0.0,15.7149770710005,11.519071642583228,19.910882499417774
0.9,0.85,1 booth all day - 2 booths 07:00-10:00,max_queue_veh,10.633333333333333,3.3333333333333335,7.3,5.6645510883759425,8.935448911624057
0.9,0.85,1 booth all day - 2 booths 07:00-10:00,utilization,0.23351938575751305,0.1868121354328428,0.046707250324670296,0.04567392328968042,0.047740577359660176
0.9,0.85,2 booths 07:00-09:00 - 2 booths 07:00-10:00,avg_wait_min,0.05704476359448438,0.04914157240100585,0.007903191193478539,0.005876663877262499,0.009929718509694579
0.9,0.85,2 booths 07:00-09:00 - 2 booths 07:00-10:00,spillover_min,0.0,0.0,0.0,0.0,0.0
0.9,0.85,2 booths 07:00-09:00 - 2 booths 07:00-10:00,max_queue_veh,3.3666666666666667,3.3333333333333335,0.03333333333333333,-0.0348409880710901,0.10150765473775678
0.9,0.85,2 booths 07:00-09:00 - 2 booths 07:00-10:00,utilization,0.20015363869090014,0.1868121354328428,0.013341503258057405,0.013045357894387316,0.013637648621727493
0.9,1.0,1 booth all day - 2 booths 07:00-09:00,avg_wait_min,1.4459611726254367,0.0918347867121262,1.3541263859133101,1.1060908525850175,1.6021619192416028
0.9,1.0,1 booth all day - 2 booths 07:00-09:00,spillover_min,43.45047838546402,0.04210792534606445,43.40837046011794,37.55374541181063,49.262995508425256
0.9,1.0,1 booth all day - 2 booths 07:00-09:00,max_queue_veh,17.766666666666666,3.966666666666667,13.8,11.617393465464637,15.982606534535364
0.9,1.0,1 booth all day - 2 booths 07:00-09:00,utilization,0.27472868912648596,0.23546869440971765,0.03925999471676829,0.03839189494785099,0.04012809448568559
0.9,1.0,1 booth all day - 2 booths 07:00-10:00,avg_wait_min,1.4459611726254367,0.07979808355885473,1.3661630890665817,1.118775970759407,1.6135502073737564
0.9,1.0,1 booth all day - 2 booths 07:00-10:00,spillover_min,43.45047838546402,0.03883741489933238,43.411640970564676,37.558361295926986,49.264920645202366
0.9,1.0,1 booth all day - 2 booths 07:00-10:00,max_queue_veh,17.766666666666666,3.933333333333333,13.833333333333334,11.651424486747963,16.015242179918705
0.9,1.0,1 booth all day - 2 booths 07:00-10:00,utilization,0.27472868912648596,0.21977077488655702,0.05495791423992899,0.05373976012513422,0.05617606835472376
0.9,1.0,2 booths 07:00-09:00 - 2 booths 07:00-10:00,avg_wait_min,0.0918347867121262,0.07979808355885473,0.012036703153271485,0.008875425555044829,0.015197980751498141
0.9,1.0,2 booths 07:00-09:00 - 2 booths 07:00-10:00,spillover_min,0.04210792534606445,0.03883741489933238,0.0032705104467320705,-0.003418434463829028,0.00995945535729317
0.9,1.0,2 booths 07:00-09:00 - 2 booths 07:00-10:00,max_queue_veh,3.966666666666667,3.933333333333333,0.03333333333333333,-0.0348409880710901,0.10150765473775678
0.9,1.0,2 booths 07:00-09:00 - 2 booths 07:00-10:00,utilization,0.23546869440971765,0.21977077488655702,0.015697919523160703,0.015347220822366293,0.016048618223955115
0.9,1.15,1 booth all day - 2 booths 07:00-09:00,avg_wait_min,3.377971437361707,0.14272901822914144,3.235242419132565,2.709743298157037,3.7607415401080933
0.9,1.15,1 booth all day - 2 booths 07:00-09:00,spillover_min,78.21189648078656,0.6351441530330583,77.57675232775351,69.87568381981872,85.2778208356883
0.9,1.15,1 booth all day - 2 booths 07:00-09:00,max_queue_veh,26.733333333333334,4.733333333333333,22.0,19.310903606293028,24.689096393706972
0.9,1.15,1 booth all day - 2 booths 07:00-09:00,utilization,0.31593799249545884,0.2707943470095973,0.0451436454858615,0.04414791073571808,0.04613938023600492
0.9,1.15,1 booth all day - 2 booths 07:00-10:00,avg_wait_min,3.377971437361707,0.12464941483718751,3.25332202252452,2.7292347923894784,3.7774092526595613
0.9,1.15,1 booth all day - 2 booths 07:00-10:00,spillover_min,78.21189648078656,0.5977937264945119,77.61410275429206,69.93118551464899,85.29701999393514
0.9,1.15,1 booth all day - 2 booths 07:00-10:00,max_queue_veh,26.733333333333334,4.7,22.033333333333335,19.35232473516598,24.71434193150069
0.9,1.15,1 booth all day - 2 booths 07:00-10:00,utilization,0.31593799249545884,0.25274374946347467,0.0631942430319842,0.06179689086834282,0.06459159519562559
0.9,1.15,2 booths 07:00-09:00 - 2 booths 07:00-10:00,avg_wait_min,0.14272901822914144,0.12464941483718751,0.01807960339195392,0.012732604966211623,0.023426601817696218
0.9,1.15,2 booths 07:00-09:00 - 2 booths 07:00-10:00,spillover_min,0.6351441530330583,0.5977937264945119,0.037350426538546345,-0.039039772964388604,0.1137406260414813
0.9,1.15,2 booths 07:00-09:00 - 2 booths 07:00-10:00,max_queue_veh,4.733333333333333,4.7,0.03333333333333333,-0.0348409880710901,0.10150765473775678
0.9,1.15,2 booths 07:00-09:00 - 2 booths 07:00-10:00,utilization,0.2707943470095973,0.25274374946347467,0.01805059754612269,0.017648670918455164,0.018452524173790216
1.0,0.85,1 booth all day - 2 booths 07:00-09:00,avg_wait_min,1.0103754291627245,0.0690512279908473,0.9413242011718774,0.7706882854774232,1.1119601168663318
1.0,0.85,1 booth all day - 2 booths 07:00-09:00,spillover_min,34.58617869140174,0.005103745033220264,34.58107494636852,29.509801747241216,39.65234814549582
1.0,0.85,1 booth all day - 2 booths 07:00-09:00,max_queue_veh,16.333333333333332,3.7333333333333334,12.6,10.608125087211445,14.591874912788555
1.0,0.85,1 booth all day - 2 booths 07:00-09:00,utilization,0.2618855012037082,0.2244561938671999,0.03742930733650831,0.03662077986610688,0.03823783480690974
1.0,0.85,1 booth all day - 2 booths 07:00-10:00,avg_wait_min,1.0103754291627245,0.0596063158400119,0.9507691133227129,0.780068710616601,1.1214695160288248
1.0,0.85,1 booth all day - 2 booths 07:00-10:00,spillover_min,34.58617869140174,0.005103745033220264,34.58107494636852,29.509801747241216,39.65234814549582
1.0,0.85,1 booth all day - 2 booths 07:00-10:00,max_queue_veh,16.333333333333332,3.7333333333333334,12.6,10.608125087211445,14.591874912788555
1.0,0.85,1 booth all day - 2 booths 07:00-10:00,utilization,0.2618855012037082,0.2094945263956835,0.05239097480802464,0.051255138885495766,0.053526810730553515
1.0,0.85,2 booths 07:00-09:00 - 2 booths 07:00-10:00,avg_wait_min,0.0690512279908473,0.0596063158400119,0.009444912150835389,0.0071289692286942525,0.011760855072976525
1.0,0.85,2 booths 07:00-09:00 - 2 booths 07:00-10:00,spillover_min,0.005103745033220264,0.005103745033220264,0.0,0.0,0.0
1.0,0.85,2 booths 07:00-09:00 - 2 booths 07:00-10:00,max_queue_veh,3.7333333333333334,3.7333333333333334,0.0,0.0,0.0
1.0,0.85,2 booths 07:00-09:00 - 2 booths 07:00-10:00,utilization,0.2244561938671999,0.2094945263956835,0.014961667471516317,0.014633569053711075,0.01528976588932156
1.0,1.0,1 booth all day - 2 booths 07:00-09:00,avg_wait_min,2.720262761545377,0.11252409688389158,2.6077386646614857,2.2086645242696648,3.0068128050533067
1.0,1.0,1 booth all day - 2 booths 07:00-09:00,spillover_min,71.18920854864135,0.3338527433965358,70.85535580524483,64.50494166568645,77.20576994480321
1.0,1.0,1 booth all day - 2 booths 07:00-09:00,max_queue_veh,26.8,4.633333333333334,22.166666666666668,19.564653546882788,24.768679786450548
1.0,1.0,1 booth all day - 2 booths 07:00-09:00,utilization,0.30810058965142145,0.26406145099122164,0.04403913866019973,0.043085098636507134,0.04499317868389232
1.0,1.0,1 booth all day - 2 booths 07:00-10:00,avg_wait_min,2.720262761545377,0.0985010313141333,2.621761730231243,2.2230489537511966,3.020474506711289
1.0,1.0,1 booth all day - 2 booths 07:00-10:00,spillover_min,71.18920854864135,0.3305568044343848,70.85865174420697,64.50777639544359,77.20952709297035
1.0,1.0,1 booth all day - 2 booths 07:00-10:00,max_queue_veh,26.8,4.633333333333334,22.166666666666668,19.564653546882788,24.768679786450548
1.0,1.0,1 booth all day - 2 booths 07:00-10:00,utilization,0.30810058965142145,0.24644969400819478,0.06165089564322661,0.0603106197778088,0.06299117150864442
1.0,1.0,2 booths 07:00-09:00 - 2 booths 07:00-10:00,avg_wait_min,0.11252409688389158,0.0985010313141333,0.014023065569758285,0.010469709543119552,0.017576421596397017
1.0,1.0,2 booths 07:00-09:00 - 2 booths 07:00-10:00,spillover_min,0.3338527433965358,0.3305568044343848,0.0032959389621510125,-0.0034450131019003365,0.010036891026202362
1.0,1.0,2 booths 07:00-09:00 - 2 booths 07:00-10:00,max_queue_veh,4.633333333333334,4.633333333333334,0.0,0.0,0.0
1.0,1.0,2 booths 07:00-09:00 - 2 booths 07:00-10:00,utilization,0.26406145099122164,0.24644969400819478,0.017611756983026885,0.017224492630487493,0.017999021335566277
1.0,1.15,1 booth all day - 2 booths 07:00-09:00,avg_wait_min,5.861894200098132,0.178155961324916,5.683738238773217,4.98280759217051,6.384668885375924
1.0,1.15,1 booth all day - 2 booths 07:00-09:00,spillover_min,107.71809980314227,1.3014300224195112,106.41666978072273,99.63111459321395,113.2022249682315
1.0,1.15,1 booth all day - 2 booths 07:00-09:00,max_queue_veh,38.766666666666666,5.6,33.166666666666664,30.145674331157693,36.187659002175636
1.0,1.15,1 booth all day - 2 booths 07:00-09:00,utilization,0.35431567809913456,0.30365760603295705,0.050658072066177534,0.049562578487266785,0.05175356564508828
1.0,1.15,1 booth all day - 2 booths 07:00-10:00,avg_wait_min,5.861894200098132,0.15801826631130092,5.703875933786833,5.003464395589639,6.404287471984026
1.0,1.15,1 booth all day - 2 booths 07:00-10:00,spillover_min,107.71809980314227,1.2690956978656902,106.44900410527656,99.65794105232374,113.24006715822938
1.0,1.15,1 booth all day - 2 booths 07:00-10:00,max_queue_veh,38.766666666666666,5.6,33.166666666666664,30.145674331157693,36.187659002175636
1.0,1.15,1 booth all day - 2 booths 07:00-10:00,utilization,0.35431567809913456,0.2834298266700674,0.07088585142906718,0.0693477962579221,0.07242390660021227
1.0,1.15,2 booths 07:00-09:00 - 2 booths 07:00-10:00,avg_wait_min,0.178155961324916,0.15801826631130092,0.020137695013615096,0.01480463931316758,0.02547075071406261
1.0,1.15,2 booths 07:00-09:00 - 2 booths 07:00-10:00,spillover_min,1.3014300224195112,1.2690956978656902,0.032334324553821146,-0.03379679448199315,0.09846544358963544
1.0,1.15,2 booths 07:00-09:00 - 2 booths 07:00-10:00,max_queue_veh,5.6,5.6,0.0,0.0,0.0
1.0,1.15,2 booths 07:00-09:00 - 2 booths 07:00-10:00,utilization,0.30365760603295705,0.2834298266700674,0.020227779362889643,0.019782868232851747,0.02067269049292754
1.1,0.85,1 booth all day - 2 booths 07:00-09:00,avg_wait_min,1.794549555109373,0.08569052491172434,1.7088590301976485,1.4244024430174476,1.9933156173778495
1.1,0.85,1 booth all day - 2 booths 07:00-09:00,spillover_min,56.005121446318455,0.24874184384923292,55.75637960246923,49.62342521728237,61.889333987656094
1.1,0.85,1 booth all day - 2 booths 07:00-09:00,max_queue_veh,23.6,4.133333333333334,19.466666666666665,17.067203052275616,21.866130281057714
1.1,0.85,1 booth all day - 2 booths 07:00-09:00,utilization,0.2866846258746115,0.24569644726438197,0.04098817861022957,0.04011671746305466,0.041859639757404477
1.1,0.85,1 booth all day - 2 booths 07:00-10:00,avg_wait_min,1.794549555109373,0.07500013804357507,1.7195494170657974,1.4355853955394997,2.003513438592095
1.1,0.85,1 booth all day - 2 booths 07:00-10:00,spillover_min,56.005121446318455,0.24264269241030617,55.762478753908155,49.62705724225023,61.89790026556608
1.1,0.85,1 booth all day - 2 booths 07:00-10:00,max_queue_veh,23.6,4.033333333333333,19.566666666666666,17.165300212717277,21.968033120616056
1.1,0.85,1 booth all day - 2 booths 07:00-10:00,utilization,0.2866846258746115,0.22933929709167508,0.05734532878293638,0.05612313442434152,0.05856752314153125
1.1,0.85,2 booths 07:00-09:00 - 2 booths 07:00-10:00,avg_wait_min,0.08569052491172434,0.07500013804357507,0.010690386868149267,0.008244792390812281,0.013135981345486254
1.1,0.85,2 booths 07:00-09:00 - 2 booths 07:00-10:00,spillover_min,0.24874184384923292,0.24264269241030617,0.006099151438926735,-0.006375013875822553,0.018573316753676024
1.1,0.85,2 booths 07:00-09:00 - 2 booths 07:00-10:00,max_queue_veh,4.133333333333334,4.033333333333333,0.1,-0.013936883013668896,0.21393688301366892
1.1,0.85,2 booths 07:00-09:00 - 2 booths 07:00-10:00,utilization,0.24569644726438197,0.22933929709167508,0.016357150172706815,0.016005584979346926,0.016708715366066704
1.1,1.0,1 booth all day - 2 booths 07:00-09:00,avg_wait_min,4.667908383703788,0.141668080369541,4.526240303334247,3.914980620106391,5.137499986562103
1.1,1.0,1 booth all day - 2 booths 07:00-09:00,spillover_min,98.36596576320217,0.9690869480659646,97.39687881513622,90.2652510825196,104.52850654775284
1.1,1.0,1 booth all day - 2 booths 07:00-09:00,max_queue_veh,37.766666666666666,5.333333333333333,32.43333333333333,29.16967068915812,35.69699597750854
1.1,1.0,1 booth all day - 2 booths 07:00-09:00,utilization,0.3372760304407195,0.2890486201016955,0.04822741033902397,0.047205163546927706,0.04924965713112023
1.1,1.0,1 booth all day - 2 booths 07:00-10:00,avg_wait_min,4.667908383703788,0.12529628765874878,4.542612096045038,3.9320465640708697,5.153177628019206
1.1,1.0,1 booth all day - 2 booths 07:00-10:00,spillover_min,98.36596576320217,0.905430210248537,97.46053555295364,90.310804427223,104.61026667868428
1.1,1.0,1 booth all day - 2 booths 07:00-10:00,max_queue_veh,37.766666666666666,5.3,32.46666666666667,29.197043034669043,35.736290298664294
1.1,1.0,1 booth all day - 2 booths 07:00-10:00,utilization,0.3372760304407195,0.2698031307147667,0.06747289972595283,0.06603461092096971,0.06891118853093595
1.1,1.0,2 booths 07:00-09:00 - 2 booths 07:00-10:00,avg_wait_min,0.141668080369541,0.12529628765874878,0.01637179271079223,0.01218109550772415,0.02056248991386031
1.1,1.0,2 booths 07:00-09:00 - 2 booths 07:00-10:00,spillover_min,0.9690869480659646,0.905430210248537,0.06365673781742771,-0.03947788308276494,0.16679135871762035
1.1,1.0,2 booths 07:00-09:00 - 2 booths 07:00-10:00,max_queue_veh,5.333333333333333,5.3,0.03333333333333333,-0.03484098807109009,0.10150765473775675
1.1,1.0,2 booths 07:00-09:00 - 2 booths 07:00-10:00,utilization,0.2890486201016955,0.2698031307147667,0.01924548938692888,0.018828338802960854,0.019662639970896904
1.1,1.15,1 booth all day - 2 booths 07:00-09:00,avg_wait_min,8.946116168176399,0.229804918234552,8.716311249941846,7.776099412137382,9.65652308774631
1.1,1.15,1 booth all day - 2 booths 07:00-09:00,spillover_min,131.90872354861995,2.8894084498038923,129.01931509881607,122.74853983366285,135.29009036396928
1.1,1.15,1 booth all day - 2 booths 07:00-09:00,max_queue_veh,52.266666666666666,6.733333333333333,45.53333333333333,41.52631796067205,49.54034870599461
1.1,1.15,1 booth all day - 2 booths 07:00-09:00,utilization,0.38786743500682735,0.33238550777076953,0.0554819272360579,0.054300386158065705,0.0566634683140501
1.1,1.15,1 booth all day - 2 booths 07:00-10:00,avg_wait_min,8.946116168176399,0.20552254580226081,8.74059362237414,7.800599600363934,9.680587644384348
1.1,1.15,1 booth all day - 2 booths 07:00-10:00,spillover_min,131.90872354861995,2.6729653720587776,129.23575817656118,122.89803294666109,135.57348340646126
1.1,1.15,1 booth all day - 2 booths 07:00-10:00,max_queue_veh,52.266666666666666,6.666666666666667,45.6,41.57279722018941,49.627202779810595
1.1,1.15,1 booth all day - 2 booths 07:00-10:00,utilization,0.38786743500682735,0.31026636912187044,0.07760106588495683,0.0759463106187732,0.07925582115114045
1.1,1.15,2 booths 07:00-09:00 - 2 booths 07:00-10:00,avg_wait_min,0.229804918234552,0.20552254580226081,0.02428237243229116,0.017289001651313897,0.031275743213268425
1.1,1.15,2 booths 07:00-09:00 - 2 booths 07:00-10:00,spillover_min,2.8894084498038923,2.6729653720587776,0.21644307774511445,-0.05989931762242695,0.49278547311265586
1.1,1.15,2 booths 07:00-09:00 - 2 booths 07:00-10:00,max_queue_veh,6.733333333333333,6.666666666666667,0.06666666666666667,-0.028069506656465043,0.16140283998979837
1.1,1.15,2 booths 07:00-09:00 - 2 booths 07:00-10:00,utilization,0.33238550777076953,0.31026636912187044,0.022119138648898924,0.02164368875564114,0.022594588542156707
1.2,0.85,1 booth all day - 2 booths 07:00-09:00,avg_wait_min,2.8760118410909565,0.10166242413125945,2.7743494169596983,2.3586317056631176,3.190067128256279
1.2,0.85,1 booth all day - 2 booths 07:00-09:00,spillover_min,77.91379889001105,0.7228468236606305,77.19095206635043,70.15220550080366,84.22969863189721
1.2,0.85,1 booth all day - 2 booths 07:00-09:00,max_queue_veh,31.866666666666667,5.1,26.766666666666666,23.520730478651586,30.012602854681745
1.2,0.85,1 booth all day - 2 booths 07:00-09:00,utilization,0.31443077990537627,0.2695029364891283,0.044927843416247774,0.044024674380593626,0.04583101245190192
1.2,0.85,1 booth all day - 2 booths 07:00-10:00,avg_wait_min,2.8760118410909565,0.08935526117693857,2.7866565799140184,2.3712127921961113,3.2021003676319255
1.2,0.85,1 booth all day - 2 booths 07:00-10:00,spillover_min,77.91379889001105,0.7228468236606305,77.19095206635043,70.15220550080366,84.22969863189721
1.2,0.85,1 booth all day - 2 booths 07:00-10:00,max_queue_veh,31.866666666666667,5.066666666666666,26.8,23.555965291388056,30.044034708611946
1.2,0.85,1 booth all day - 2 booths 07:00-10:00,utilization,0.31443077990537627,0.25153306924695656,0.06289771065841958,0.061632595683035016,0.06416282563380414
1.2,0.85,2 booths 07:00-09:00 - 2 booths 07:00-10:00,avg_wait_min,0.10166242413125945,0.08935526117693857,0.012307162954320877,0.009850623189864072,0.014763702718777683
1.2,0.85,2 booths 07:00-09:00 - 2 booths 07:00-10:00,spillover_min,0.7228468236606305,0.7228468236606305,0.0,0.0,0.0
1.2,0.85,2 booths 07:00-09:00 - 2 booths 07:00-10:00,max_queue_veh,5.1,5.066666666666666,0.03333333333333333,-0.03484098807109009,0.10150765473775675
1.2,0.85,2 booths 07:00-09:00 - 2 booths 07:00-10:00,utilization,0.2695029364891283,0.25153306924695656,0.017969867242171794,0.01760771470041611,0.018332019783927476
1.2,1.0,1 booth all day - 2 booths 07:00-09:00,avg_wait_min,6.949737502692404,0.17170902727770365,6.7780284754146995,6.03483344370156,7.521223507127839
1.2,1.0,1 booth all day - 2 booths 07:00-09:00,spillover_min,121.40225652564287,2.072039852090991,119.33021667355189,113.65551544624799,125.00491790085579
1.2,1.0,1 booth all day - 2 booths 07:00-09:00,max_queue_veh,49.666666666666664,6.3,43.36666666666667,39.4917164567402,47.241616876593135
1.2,1.0,1 booth all day - 2 booths 07:00-09:00,utilization,0.36991856459456024,0.31702883008344873,0.0528897345111115,0.051825952732224324,0.05395351628999868
1.2,1.0,1 booth all day - 2 booths 07:00-10:00,avg_wait_min,6.949737502692404,0.1531367392087236,6.7966007634836805,6.053510571223414,7.539690955743947
1.2,1.0,1 booth all day - 2 booths 07:00-10:00,spillover_min,121.40225652564287,2.011011958383686,119.3912445672592,113.72907315940826,125.05341597511016
1.2,1.0,1 booth all day - 2 booths 07:00-10:00,max_queue_veh,49.666666666666664,6.3,43.36666666666667,39.4917164567402,47.241616876593135
1.2,1.0,1 booth all day - 2 booths 07:00-10:00,utilization,0.36991856459456024,0.29591387638376754,0.07400468821079267,0.07251658769345913,0.07549278872812622
1.2,1.0,2 booths 07:00-09:00 - 2 booths 07:00-10:00,avg_wait_min,0.17170902727770365,0.1531367392087236,0.01857228806898004,0.014442841339564954,0.022701734798395126
1.2,1.0,2 booths 07:00-09:00 - 2 booths 07:00-10:00,spillover_min,2.072039852090991,2.011011958383686,0.06102789370730477,-0.06201252583371339,0.18406831324832293
1.2,1.0,2 booths 07:00-09:00 - 2 booths 07:00-10:00,max_queue_veh,6.3,6.3,0.0,0.0,0.0
1.2,1.0,2 booths 07:00-09:00 - 2 booths 07:00-10:00,utilization,0.31702883008344873,0.29591387638376754,0.021114953699681176,0.020688793517414636,0.021541113881947717
1.2,1.15,1 booth all day - 2 booths 07:00-09:00,avg_wait_min,12.282839033007512,0.3061223955158235,11.976716637491686,10.861640124055223,13.091793150928149
1.2,1.15,1 booth all day - 2 booths 07:00-09:00,spillover_min,159.26759357404606,7.89846548160705,151.36912809243893,143.50935393967862,159.22890224519924
1.2,1.15,1 booth all day - 2 booths 07:00-09:00,max_queue_veh,66.86666666666666,8.333333333333334,58.53333333333333,53.79408922024526,63.2725774464214
1.2,1.15,1 booth all day - 2 booths 07:00-09:00,utilization,0.4254063492837442,0.36459392738660035,0.060812421897144,0.05958825513011639,0.06203658866417162
1.2,1.15,1 booth all day - 2 booths 07:00-10:00,avg_wait_min,12.282839033007512,0.2786547665566816,12.004184266450832,10.888660532255752,13.119708000645911
1.2,1.15,1 booth all day - 2 booths 07:00-10:00,spillover_min,159.26759357404606,7.689881731076056,151.57771184296993,143.6849233412359,159.47050034470396
1.2,1.15,1 booth all day - 2 booths 07:00-10:00,max_queue_veh,66.86666666666666,8.333333333333334,58.53333333333333,53.79408922024526,63.2725774464214
1.2,1.15,1 booth all day - 2 booths 07:00-10:00,utilization,0.4254063492837442,0.3402835521986523,0.08512279708509199,0.08340527558042375,0.08684031858976023
1.2,1.15,2 booths 07:00-09:00 - 2 booths 07:00-10:00,avg_wait_min,0.3061223955158235,0.2786547665566816,0.02746762895914191,0.021125750747301775,0.033809507170982044
1.2,1.15,2 booths 07:00-09:00 - 2 booths 07:00-10:00,spillover_min,7.89846548160705,7.689881731076056,0.20858375053099537,-0.15984840784164445,0.5770159089036352
1.2,1.15,2 booths 07:00-09:00 - 2 booths 07:00-10:00,max_queue_veh,8.333333333333334,8.333333333333334,0.0,0.0,0.0
1.2,1.15,2 booths 07:00-09:00 - 2 booths 07:00-10:00,utilization,0.36459392738660035,0.3402835521986523,0.024310375187947982,0.02381529119360005,0.024805459182295913
