configuration,measure,proposal_measure,n,mean,sd,se,t,half_width,ci_low,ci_high
1 booth all day,Average waiting time (min),True,30,2.720262761545377,1.071455732838339,0.19562015808126235,2.045229642132703,0.40008814590648295,2.320174615638894,3.12035090745186
1 booth all day,Maximum queue length (vehicles),True,30,26.8,6.969885963545429,1.2725212551574872,2.045229642132703,2.6025981912920053,24.197401808707994,29.402598191292007
1 booth all day,"Booth utilization, staffed time (fraction)",True,30,0.30810058965142145,0.01783331388154589,0.0032559027626642314,2.045229642132703,0.006659068842102645,0.3014415208093188,0.3147596584935241
1 booth all day,"Spillover duration, queue >= K=5 (min)",True,30,71.18920854864135,17.014633506477516,3.106432859726986,2.045229642132703,6.353368566008692,64.83583998263265,77.54257711465004
1 booth all day,"Avg wait, vehicles arriving 07:00-09:00 (min)",False,30,5.459374915506699,2.0458059413866447,0.37351135412518566,2.045229642132703,0.7639164931299548,4.695458422376745,6.223291408636654
1 booth all day,90th-percentile wait (min),False,30,9.541662800162593,2.994967105087118,0.5468036808140533,2.045229642132703,1.118339096428171,8.423323703734422,10.660001896590764
1 booth all day,Utilization inside 07:00-09:00 (fraction),False,30,0.8788294542679461,0.05699659597934706,0.010406107106298879,2.045229642132703,0.021282878713010232,0.8575465755549359,0.9001123329809564
1 booth all day,Spillover inside 07:00-09:00 (min),False,30,70.57510719797672,16.175222942337715,2.953178159397817,2.045229642132703,6.039927510099312,64.5351796878774,76.61503470807604
1 booth all day,Vehicles that joined the queue on the road,False,30,140.06666666666666,33.76075392740995,6.16384216147452,2.045229642132703,12.606472698074999,127.46019396859167,152.67313936474167
2 booths 07:00-09:00,Average waiting time (min),True,30,0.11252409688389158,0.029002398923854585,0.005295089370786237,2.045229642132703,0.010829673738873814,0.10169442314501775,0.1233537706227654
2 booths 07:00-09:00,Maximum queue length (vehicles),True,30,4.633333333333334,1.0980651740387641,0.20047835514395573,2.045229642132703,0.41002427454642554,4.223309058786908,5.043357607879759
2 booths 07:00-09:00,"Booth utilization, staffed time (fraction)",True,30,0.26406145099122164,0.015278946922382854,0.0027895412947710743,2.045229642132703,0.005705252544019041,0.2583561984472026,0.2697667035352407
2 booths 07:00-09:00,"Spillover duration, queue >= K=5 (min)",True,30,0.3338527433965358,0.8103691586966693,0.14795248937488317,2.045229642132703,0.3025968168968349,0.03125592649970094,0.6364495602933706
2 booths 07:00-09:00,"Avg wait, vehicles arriving 07:00-09:00 (min)",False,30,0.11516590864120434,0.04143594373654326,0.0075651336920065475,2.045229642132703,0.015472435673588605,0.09969347296761573,0.13063834431479293
2 booths 07:00-09:00,90th-percentile wait (min),False,30,0.4379552137701613,0.10856798008745597,0.019821710572223778,2.045229642132703,0.04053995002008725,0.397415263750074,0.47849516379024853
2 booths 07:00-09:00,Utilization inside 07:00-09:00 (fraction),False,30,0.44310527605717664,0.032430646609820604,0.005920998900892396,2.045229642132703,0.012109802463140282,0.43099547359403634,0.45521507852031695
2 booths 07:00-09:00,Spillover inside 07:00-09:00 (min),False,30,0.3305568044343848,0.8114329858047254,0.14814671674300578,2.045229642132703,0.3029940564674326,0.027562747966952184,0.6335508609018174
2 booths 07:00-09:00,Vehicles that joined the queue on the road,False,30,0.5666666666666667,1.9419743478779763,0.3545543854763841,2.045229642132703,0.7251451389244455,-0.1584784722577789,1.291811805591112
2 booths 07:00-10:00,Average waiting time (min),True,30,0.0985010313141333,0.028891998331287673,0.005274933072482625,2.045229642132703,0.010788449480107598,0.08771258183402571,0.1092894807942409
2 booths 07:00-10:00,Maximum queue length (vehicles),True,30,4.633333333333334,1.0980651740387641,0.20047835514395573,2.045229642132703,0.41002427454642554,4.223309058786908,5.043357607879759
2 booths 07:00-10:00,"Booth utilization, staffed time (fraction)",True,30,0.24644969400819478,0.014244716708992066,0.002600717555595236,2.045229642132703,0.005319064635518282,0.24113062937267649,0.25176875864371306
2 booths 07:00-10:00,"Spillover duration, queue >= K=5 (min)",True,30,0.3305568044343848,0.8114329858047254,0.14814671674300578,2.045229642132703,0.3029940564674326,0.027562747966952184,0.6335508609018174
2 booths 07:00-10:00,"Avg wait, vehicles arriving 07:00-09:00 (min)",False,30,0.11516590864120434,0.04143594373654326,0.0075651336920065475,2.045229642132703,0.015472435673588605,0.09969347296761573,0.13063834431479293
2 booths 07:00-10:00,90th-percentile wait (min),False,30,0.394052418530315,0.10879392036990126,0.01986296143533857,2.045229642132703,0.04062431750809318,0.3534281010222218,0.4346767360384082
2 booths 07:00-10:00,Utilization inside 07:00-09:00 (fraction),False,30,0.44310527605717664,0.032430646609820604,0.005920998900892396,2.045229642132703,0.012109802463140282,0.43099547359403634,0.45521507852031695
2 booths 07:00-10:00,Spillover inside 07:00-09:00 (min),False,30,0.3305568044343848,0.8114329858047254,0.14814671674300578,2.045229642132703,0.3029940564674326,0.027562747966952184,0.6335508609018174
2 booths 07:00-10:00,Vehicles that joined the queue on the road,False,30,0.5666666666666667,1.9419743478779763,0.3545543854763841,2.045229642132703,0.7251451389244455,-0.1584784722577789,1.291811805591112
