interval_start,arrivals_per_hour
07:00,17.5
07:15,22.5
07:30,25.0
07:45,23.75
08:00,20.0
08:15,17.5
08:30,18.75
08:45,20.0
09:00,15.0
09:15,12.5
09:30,11.25
09:45,10.0
10:00,7.5
10:15,7.5
10:30,7.5
10:45,7.5
11:00,6.25
11:15,6.25
11:30,6.25
11:45,6.25
12:00,6.25
12:15,6.25
12:30,6.25
12:45,6.25
13:00,7.5
13:15,7.5
13:30,7.5
13:45,7.5
14:00,5.0
14:15,5.0
14:30,5.0
14:45,5.0
15:00,5.0
15:15,5.0
15:30,5.0
15:45,5.0
16:00,3.75
16:15,3.75
16:30,3.75
16:45,3.75
17:00,3.75
17:15,3.75
17:30,3.75
17:45,3.75
18:00,2.0
18:15,2.0
18:30,2.0
18:45,2.0
