vehicle_no,entry_timestamp
1,07:03:32
2,07:04:23
3,07:04:59
4,07:07:09
5,07:07:47
6,07:08:43
7,07:08:56
8,07:09:14
9,07:09:30
10,07:09:45
11,07:10:00
12,07:10:21
13,07:11:02
14,07:11:22
15,07:11:26
16,07:13:48
17,07:14:45
18,07:15:23
19,07:15:47
20,07:15:49
21,07:17:03
22,07:17:39
23,07:19:09
24,07:19:13
25,07:19:36
26,07:19:55
27,07:20:20
28,07:21:20
29,07:21:34
30,07:21:37
31,07:21:47
32,07:22:04
33,07:22:09
34,07:22:31
35,07:22:49
36,07:23:53
37,07:25:00
38,07:25:39
39,07:25:55
40,07:26:17
41,07:27:12
42,07:27:14
43,07:27:56
44,07:28:39
45,07:28:42
46,07:29:43
47,07:29:48
48,07:29:51
49,07:30:12
50,07:31:06
51,07:31:15
52,07:32:03
53,07:32:25
54,07:32:27
55,07:32:42
56,07:33:43
57,07:33:52
58,07:34:02
59,07:34:24
60,07:35:07
61,07:35:31
62,07:36:27
63,07:36:49
64,07:36:58
65,07:36:58
66,07:36:59
67,07:37:13
68,07:37:20
69,07:37:22
70,07:37:22
71,07:37:47
72,07:37:49
73,07:38:07
74,07:38:23
75,07:38:50
76,07:38:55
77,07:39:33
78,07:41:06
79,07:41:26
80,07:41:47
81,07:42:19
82,07:42:26
83,07:42:55
84,07:42:56
85,07:43:31
86,07:44:03
87,07:44:15
88,07:44:24
89,07:44:26
90,07:44:55
91,07:45:02
92,07:45:19
93,07:45:40
94,07:46:24
95,07:47:05
96,07:47:49
97,07:47:55
98,07:47:57
99,07:48:08
100,07:48:38
101,07:49:27
102,07:50:06
103,07:51:25
104,07:52:26
105,07:52:30
106,07:52:48
107,07:52:52
108,07:53:07
109,07:53:27
110,07:53:44
111,07:53:57
112,07:54:12
113,07:54:33
114,07:55:15
115,07:55:34
116,07:55:53
117,07:56:10
118,07:56:19
119,07:56:48
120,07:56:52
121,07:57:06
122,07:57:07
123,07:57:11
124,07:57:19
125,07:58:54
126,07:58:58
127,07:59:13
128,07:59:51
129,08:00:42
130,08:01:09
131,08:01:46
132,08:01:48
133,08:01:54
134,08:02:51
135,08:03:03
136,08:03:23
137,08:04:21
138,08:04:50
139,08:05:10
140,08:05:47
141,08:05:55
142,08:07:25
143,08:07:46
144,08:08:09
145,08:08:26
146,08:08:37
147,08:09:41
148,08:10:35
149,08:11:01
150,08:11:08
151,08:11:55
152,08:12:40
153,08:13:03
154,08:13:39
155,08:13:54
156,08:14:27
157,08:14:37
158,08:15:04
159,08:15:05
160,08:15:10
161,08:15:35
162,08:15:41
163,08:17:01
164,08:18:25
165,08:19:01
166,08:19:42
167,08:21:14
168,08:21:55
169,08:22:29
170,08:22:54
171,08:23:18
172,08:23:19
173,08:24:15
174,08:24:55
175,08:28:48
176,08:29:38
177,08:30:03
178,08:30:57
179,08:31:27
180,08:32:10
181,08:34:13
182,08:34:21
183,08:34:38
184,08:36:08
185,08:36:16
186,08:36:37
187,08:36:43
188,08:36:43
189,08:37:45
190,08:39:08
191,08:40:10
192,08:40:14
193,08:40:30
194,08:40:36
195,08:40:40
196,08:41:16
197,08:43:34
198,08:43:34
199,08:43:46
200,08:43:51
201,08:44:53
202,08:45:33
203,08:48:43
204,08:48:49
205,08:48:53
206,08:50:05
207,08:50:15
208,08:51:38
209,08:52:08
210,08:53:17
211,08:54:14
212,08:54:36
213,08:54:39
214,08:55:01
215,08:56:14
216,08:57:29
217,08:57:36
218,08:58:18
219,08:59:07
220,08:59:59
221,09:01:22
222,09:01:39
223,09:02:47
224,09:02:52
225,09:05:30
226,09:06:48
227,09:09:22
228,09:09:36
229,09:09:46
230,09:11:39
231,09:11:42
232,09:12:20
233,09:13:41
234,09:14:38
235,09:18:24
236,09:18:54
237,09:19:18
238,09:20:05
239,09:20:46
240,09:21:04
241,09:23:11
242,09:24:34
243,09:27:30
244,09:28:56
245,09:30:28
246,09:31:29
247,09:31:35
248,09:33:22
249,09:35:27
250,09:36:23
251,09:38:57
252,09:46:03
253,09:46:35
254,09:47:20
255,09:47:58
256,09:50:52
257,09:52:45
258,09:52:58
259,09:54:17
260,09:54:20
261,09:54:28
262,09:57:55
263,10:01:47
264,10:03:40
265,10:03:40
266,10:04:49
267,10:05:52
268,10:06:04
269,10:08:46
270,10:09:13
271,10:09:22
272,10:11:35
273,10:12:24
274,10:12:30
275,10:12:51
276,10:13:52
277,10:15:54
278,10:18:39
279,10:22:26
280,10:26:32
281,10:31:58
282,10:32:24
283,10:34:30
284,10:39:56
285,10:41:27
286,10:45:27
287,10:49:41
288,10:53:11
289,10:55:08
290,10:56:20
291,10:58:02
292,10:58:46
293,11:00:35
294,11:01:17
295,11:02:56
296,11:02:59
297,11:11:56
298,11:16:39
299,11:18:31
300,11:22:04
301,11:23:30
302,11:24:08
303,11:24:32
304,11:25:01
305,11:26:45
306,11:31:11
307,11:31:32
308,11:32:02
309,11:32:09
310,11:32:12
311,11:35:50
312,11:38:30
313,11:41:11
314,11:42:19
315,11:42:57
316,11:50:54
317,11:54:19
318,11:54:35
319,11:55:06
320,11:56:29
321,11:58:59
322,11:59:30
323,12:00:34
324,12:05:29
325,12:07:24
326,12:07:30
327,12:10:18
328,12:12:50
329,12:13:04
330,12:13:55
331,12:14:23
332,12:17:34
333,12:17:41
334,12:20:29
335,12:24:21
336,12:25:44
337,12:26:30
338,12:27:41
339,12:27:42
340,12:28:09
341,12:28:32
342,12:29:25
343,12:30:54
344,12:33:55
345,12:34:40
346,12:35:01
347,12:37:07
348,12:41:43
349,12:42:04
350,12:42:12
351,12:43:09
352,12:44:28
353,12:44:38
354,12:47:16
355,12:50:02
356,12:52:37
357,12:53:11
358,12:56:19
359,12:57:16
360,12:57:52
361,12:58:24
362,13:06:04
363,13:07:44
364,13:10:43
365,13:14:58
366,13:15:31
367,13:16:23
368,13:17:20
369,13:17:29
370,13:21:52
371,13:23:02
372,13:23:37
373,13:24:50
374,13:25:47
375,13:27:00
376,13:30:32
377,13:34:08
378,13:37:46
379,13:38:12
380,13:45:17
381,13:48:54
382,13:53:01
383,13:53:17
384,13:55:25
385,13:58:13
386,13:59:07
387,13:59:21
388,14:00:40
389,14:01:30
390,14:05:15
391,14:05:25
392,14:07:30
393,14:07:59
394,14:08:18
395,14:11:41
396,14:15:20
397,14:15:32
398,14:16:26
399,14:16:32
400,14:17:44
401,14:20:45
402,14:21:44
403,14:27:01
404,14:28:50
405,14:28:52
406,14:34:40
407,14:37:38
408,14:42:08
409,14:43:33
410,14:45:06
411,14:47:15
412,14:51:44
413,14:54:08
414,14:54:55
415,14:55:09
416,14:57:51
417,15:02:52
418,15:03:15
419,15:05:03
420,15:10:29
421,15:18:20
422,15:20:40
423,15:25:54
424,15:26:16
425,15:28:24
426,15:29:56
427,15:34:34
428,15:36:34
429,15:44:13
430,15:49:05
431,15:51:26
432,16:01:43
433,16:07:47
434,16:17:26
435,16:26:10
436,16:28:44
437,16:31:45
438,16:33:51
439,16:35:08
440,16:37:08
441,16:42:18
442,16:55:09
443,16:56:21
444,17:07:33
445,17:30:22
446,17:34:12
447,17:38:33
448,17:46:26
449,17:47:36
450,18:10:13
451,18:13:33
452,18:14:54
453,18:28:47
