obs_no,window,service_sec
1,peak,26.0
2,peak,23.0
3,peak,36.9
4,peak,23.9
5,peak,35.1
6,peak,19.6
7,peak,13.6
8,peak,21.8
9,peak,12.3
10,peak,35.2
11,peak,22.4
12,peak,25.1
13,peak,9.1
14,peak,34.7
15,peak,25.5
16,peak,30.4
17,peak,35.2
18,peak,18.4
19,peak,41.8
20,peak,48.9
21,peak,17.6
22,peak,37.5
23,peak,30.9
24,peak,18.5
25,peak,32.6
26,peak,29.0
27,peak,37.1
28,peak,23.2
29,peak,23.6
30,peak,33.6
31,offpeak,57.6
32,offpeak,18.9
33,offpeak,35.2
34,offpeak,25.7
35,offpeak,14.7
36,offpeak,24.3
37,offpeak,28.4
38,offpeak,46.6
39,offpeak,33.9
40,offpeak,37.7
41,offpeak,16.0
42,offpeak,26.8
43,offpeak,69.5
44,offpeak,26.1
45,offpeak,30.4
46,offpeak,23.4
47,offpeak,32.2
48,offpeak,25.2
49,offpeak,29.3
50,offpeak,11.9
51,offpeak,34.9
52,offpeak,25.3
53,offpeak,19.8
54,offpeak,49.4
55,offpeak,23.5
56,offpeak,38.0
57,offpeak,28.0
58,offpeak,32.0
59,offpeak,37.5
60,offpeak,40.0
