activity_scale,configuration,measure,label,unit,n,mean,sd,se,t,half_width,ci_low,ci_high
0.8,A: 1 guard,avg_delay_sec,Average total delay,seconds,30,0.2546319134257584,0.2258931528398956,0.04124225846545767,2.045229642132703,0.08434988952205243,0.170282023903706,0.33898180294781083
0.8,A: 1 guard,max_queue_veh,Daily maximum approach queue,cars,30,1.1,0.3051285766293647,0.05570860145311556,2.045229642132703,0.11393688301366892,0.9860631169863312,1.213936883013669
0.8,A: 1 guard,guard_utilization,Guard utilization,fraction,30,0.01133821417121723,0.0023871907265551025,0.00043583940333379213,2.045229642132703,0.0008913916669077025,0.010446822504309528,0.012229605838124933
0.8,A: 1 guard,spillover_min,Spillover duration,minutes,30,0.0,0.0,0.0,2.045229642132703,0.0,0.0,0.0
0.8,A: 1 guard,avg_delay_morning_sec,Delay for morning arrivals,seconds,30,0.4052978535664076,0.40426984021263507,0.07380923693448978,2.045229642132703,0.1509568392416144,0.25434101432479317,0.556254692808022
0.8,A: 1 guard,avg_initial_wait_sec,Initial waiting time,seconds,30,0.25463191342579516,0.22589315283986003,0.04124225846545117,2.045229642132703,0.08434988952203913,0.17028202390375602,0.3389818029478343
0.8,A: 1 guard,effective_guard_hours,Effective available guard-hours,hours,30,12.0,0.0,0.0,2.045229642132703,0.0,12.0,12.0
0.8,B: 2nd guard 07-09,avg_delay_sec,Average total delay,seconds,30,0.18175933944936346,0.1942735051790742,0.03546932703739189,2.045229642132703,0.07254291904337282,0.10921642040599064,0.25430225849273624
0.8,B: 2nd guard 07-09,max_queue_veh,Daily maximum approach queue,cars,30,1.1333333333333333,0.34574590364176044,0.06312427686319992,2.045229642132703,0.12910364217880804,1.0042296911545252,1.2624369755121414
0.8,B: 2nd guard 07-09,guard_utilization,Guard utilization,fraction,30,0.009718469289614774,0.002046163479904373,0.00037357663142896454,2.045229642132703,0.0007640500002066018,0.008954419289408171,0.010482519289821376
0.8,B: 2nd guard 07-09,spillover_min,Spillover duration,minutes,30,0.0,0.0,0.0,2.045229642132703,0.0,0.0,0.0
0.8,B: 2nd guard 07-09,avg_delay_morning_sec,Delay for morning arrivals,seconds,30,0.2697690014474195,0.34439406541590595,0.06287746609973383,2.045229642132703,0.12859885748936978,0.14117014395804972,0.3983678589367893
0.8,B: 2nd guard 07-09,avg_initial_wait_sec,Initial waiting time,seconds,30,0.10147231556543955,0.15304461988801416,0.027941996872489706,2.045229642132703,0.05714780026399523,0.04432451530144432,0.15862011582943478
0.8,B: 2nd guard 07-09,effective_guard_hours,Effective available guard-hours,hours,30,14.0,0.0,0.0,2.045229642132703,0.0,14.0,14.0
0.8,C: 2nd guard 07-10,avg_delay_sec,Average total delay,seconds,30,0.16709638914867864,0.18144799274000184,0.03312771954591087,2.045229642132703,0.06775379399155584,0.09934259515712279,0.23485018314023448
0.8,C: 2nd guard 07-10,max_queue_veh,Daily maximum approach queue,cars,30,1.1333333333333333,0.34574590364176044,0.06312427686319992,2.045229642132703,0.12910364217880804,1.0042296911545252,1.2624369755121414
0.8,C: 2nd guard 07-10,guard_utilization,Guard utilization,fraction,30,0.009070571336973787,0.0019097525812440813,0.00034867152266703356,2.045229642132703,0.0007131133335261617,0.008357458003447626,0.009783684670499948
0.8,C: 2nd guard 07-10,spillover_min,Spillover duration,minutes,30,0.0,0.0,0.0,2.045229642132703,0.0,0.0,0.0
0.8,C: 2nd guard 07-10,avg_delay_morning_sec,Delay for morning arrivals,seconds,30,0.24267551383757988,0.3190525734872659,0.058250763843016744,2.045229642132703,0.11913618888860973,0.12353932494897014,0.3618117027261896
0.8,C: 2nd guard 07-10,avg_initial_wait_sec,Initial waiting time,seconds,30,0.05146776330377829,0.059713461795912075,0.01090213667078133,2.045229642132703,0.022297373081663917,0.02917039022211437,0.0737651363854422
0.8,C: 2nd guard 07-10,effective_guard_hours,Effective available guard-hours,hours,30,15.0,0.0,0.0,2.045229642132703,0.0,15.0,15.0
1.0,A: 1 guard,avg_delay_sec,Average total delay,seconds,30,0.43604977427511205,0.3433463523211915,0.06268618073447761,2.045229642132703,0.1282076349902416,0.3078421392848705,0.5642574092653536
1.0,A: 1 guard,max_queue_veh,Daily maximum approach queue,cars,30,1.1333333333333333,0.34574590364176044,0.06312427686319992,2.045229642132703,0.12910364217880804,1.0042296911545252,1.2624369755121414
1.0,A: 1 guard,guard_utilization,Guard utilization,fraction,30,0.014172767714021539,0.002983988408193876,0.0005447992541672398,2.045229642132703,0.0011142395836346273,0.013058528130386911,0.015287007297656167
1.0,A: 1 guard,spillover_min,Spillover duration,minutes,30,0.0,0.0,0.0,2.045229642132703,0.0,0.0,0.0
1.0,A: 1 guard,avg_delay_morning_sec,Delay for morning arrivals,seconds,30,0.6800922391086617,0.6004819206672249,0.1096324977744889,2.045229642132703,0.22422363418943228,0.4558686049192294,0.9043158732980939
1.0,A: 1 guard,avg_initial_wait_sec,Initial waiting time,seconds,30,0.43604977427509606,0.34334635232120975,0.06268618073448094,2.045229642132703,0.1282076349902484,0.30784213928484766,0.5642574092653445
1.0,A: 1 guard,effective_guard_hours,Effective available guard-hours,hours,30,12.0,0.0,0.0,2.045229642132703,0.0,12.0,12.0
1.0,B: 2nd guard 07-09,avg_delay_sec,Average total delay,seconds,30,0.31002936714792967,0.2808551094223558,0.051276892940402,2.045229642132703,0.1048730213981753,0.2051563457497544,0.41490238854610495
1.0,B: 2nd guard 07-09,max_queue_veh,Daily maximum approach queue,cars,30,1.1666666666666667,0.3790490217894517,0.06920456654478331,2.045229642132703,0.141539230868336,1.0251274357983307,1.3082058975350028
1.0,B: 2nd guard 07-09,guard_utilization,Guard utilization,fraction,30,0.012148086612018463,0.002557704349880465,0.0004669707892862055,2.045229642132703,0.0009550625002582519,0.011193024111760212,0.013103149112276714
1.0,B: 2nd guard 07-09,spillover_min,Spillover duration,minutes,30,0.0,0.0,0.0,2.045229642132703,0.0,0.0,0.0
1.0,B: 2nd guard 07-09,avg_delay_morning_sec,Delay for morning arrivals,seconds,30,0.44517509974416114,0.48137225874765166,0.08788614822443411,2.045229642132703,0.17974735548148105,0.2654277442626801,0.6249224552256422
1.0,B: 2nd guard 07-09,avg_initial_wait_sec,Initial waiting time,seconds,30,0.1696386867918301,0.2183970163184672,0.03987365744314945,2.045229642132703,0.08155078614297454,0.08808790064885558,0.25118947293480465
1.0,B: 2nd guard 07-09,effective_guard_hours,Effective available guard-hours,hours,30,14.0,0.0,0.0,2.045229642132703,0.0,14.0,14.0
1.0,C: 2nd guard 07-10,avg_delay_sec,Average total delay,seconds,30,0.2910028893017394,0.2655200022153158,0.04847709822738338,2.045229642132703,0.09914679825922319,0.19185609104251622,0.3901496875609626
1.0,C: 2nd guard 07-10,max_queue_veh,Daily maximum approach queue,cars,30,1.1666666666666667,0.3790490217894517,0.06920456654478331,2.045229642132703,0.141539230868336,1.0251274357983307,1.3082058975350028
1.0,C: 2nd guard 07-10,guard_utilization,Guard utilization,fraction,30,0.011338214171217229,0.0023871907265551008,0.0004358394033337918,2.045229642132703,0.0008913916669077018,0.010446822504309528,0.01222960583812493
1.0,C: 2nd guard 07-10,spillover_min,Spillover duration,minutes,30,0.0,0.0,0.0,2.045229642132703,0.0,0.0,0.0
1.0,C: 2nd guard 07-10,avg_delay_morning_sec,Delay for morning arrivals,seconds,30,0.40999916174437007,0.45081596483825237,0.08230735774178888,2.045229642132703,0.16833744781912724,0.24166171392524283,0.5783366095634973
1.0,C: 2nd guard 07-10,avg_initial_wait_sec,Initial waiting time,seconds,30,0.10229822465507281,0.10038085430640056,0.018326952748418394,2.045229642132703,0.03748282701103071,0.0648153976440421,0.13978105166610352
1.0,C: 2nd guard 07-10,effective_guard_hours,Effective available guard-hours,hours,30,15.0,0.0,0.0,2.045229642132703,0.0,15.0,15.0
1.2,A: 1 guard,avg_delay_sec,Average total delay,seconds,30,0.66639537568148,0.5003537602929832,0.09135168041499986,2.045229642132703,0.1868351646433912,0.47956021103808877,0.8532305403248712
1.2,A: 1 guard,max_queue_veh,Daily maximum approach queue,cars,30,1.1666666666666667,0.3790490217894517,0.06920456654478331,2.045229642132703,0.141539230868336,1.0251274357983307,1.3082058975350028
1.2,A: 1 guard,guard_utilization,Guard utilization,fraction,30,0.017007321256825848,0.0035807860898326507,0.0006537591050006877,2.045229642132703,0.0013370875003615526,0.015670233756464296,0.0183444087571874
1.2,A: 1 guard,spillover_min,Spillover duration,minutes,30,0.0,0.0,0.0,2.045229642132703,0.0,0.0,0.0
1.2,A: 1 guard,avg_delay_morning_sec,Delay for morning arrivals,seconds,30,1.0290208109505283,0.8636878898583652,0.157687113306488,2.045229642132703,0.32250635831676744,0.7065144526337609,1.3515271692672957
1.2,A: 1 guard,avg_initial_wait_sec,Initial waiting time,seconds,30,0.6663953756814772,0.5003537602929862,0.0913516804150004,2.045229642132703,0.1868351646433923,0.4795602110380849,0.8532305403248696
1.2,A: 1 guard,effective_guard_hours,Effective available guard-hours,hours,30,12.0,0.0,0.0,2.045229642132703,0.0,12.0,12.0
1.2,B: 2nd guard 07-09,avg_delay_sec,Average total delay,seconds,30,0.4861438985484805,0.4100333698738524,0.07486150866992272,2.045229642132703,0.1531089765865003,0.3330349219619802,0.6392528751349809
1.2,B: 2nd guard 07-09,max_queue_veh,Daily maximum approach queue,cars,30,1.2333333333333334,0.43018306715207627,0.07854032324531728,2.045229642132703,0.16063299720400706,1.0727003361293264,1.3939663305373404
1.2,B: 2nd guard 07-09,guard_utilization,Guard utilization,fraction,30,0.014577703934422152,0.0030692452198565574,0.0005603649471434465,2.045229642132703,0.0011460750003099021,0.01343162893411225,0.015723778934732053
1.2,B: 2nd guard 07-09,spillover_min,Spillover duration,minutes,30,0.0,0.0,0.0,2.045229642132703,0.0,0.0,0.0
1.2,B: 2nd guard 07-09,avg_delay_morning_sec,Delay for morning arrivals,seconds,30,0.6926813798625668,0.69311060247793,0.12654410394105278,2.045229642132703,0.25881175241736293,0.4338696274452039,0.9514931322799298
1.2,B: 2nd guard 07-09,avg_initial_wait_sec,Initial waiting time,seconds,30,0.2686364072212943,0.3117883734178741,0.05692450842960458,2.045229642132703,0.1164236920040602,0.15221271521723406,0.3850600992253545
1.2,B: 2nd guard 07-09,effective_guard_hours,Effective available guard-hours,hours,30,14.0,0.0,0.0,2.045229642132703,0.0,14.0,14.0
1.2,C: 2nd guard 07-10,avg_delay_sec,Average total delay,seconds,30,0.45761322684829053,0.3840224995735887,0.07011259520199085,2.045229642132703,0.14339635799396283,0.3142168688543277,0.6010095848422534
1.2,C: 2nd guard 07-10,max_queue_veh,Daily maximum approach queue,cars,30,1.2333333333333334,0.43018306715207627,0.07854032324531728,2.045229642132703,0.16063299720400706,1.0727003361293264,1.3939663305373404
1.2,C: 2nd guard 07-10,guard_utilization,Guard utilization,fraction,30,0.013605857005460678,0.0028646288718661202,0.0005230072840005501,2.045229642132703,0.001069670000289242,0.012536187005171435,0.01467552700574992
1.2,C: 2nd guard 07-10,spillover_min,Spillover duration,minutes,30,0.0,0.0,0.0,2.045229642132703,0.0,0.0,0.0
1.2,C: 2nd guard 07-10,avg_delay_morning_sec,Delay for morning arrivals,seconds,30,0.6395771922124117,0.6377115904231032,0.11642967441907637,2.045229642132703,0.23812542134575468,0.40145177086665707,0.8777026135581664
1.2,C: 2nd guard 07-10,avg_initial_wait_sec,Initial waiting time,seconds,30,0.17782540666238406,0.17100703889666935,0.031221470898623052,2.045229642132703,0.06385507775284742,0.11397032890953664,0.2416804844152315
1.2,C: 2nd guard 07-10,effective_guard_hours,Effective available guard-hours,hours,30,15.0,0.0,0.0,2.045229642132703,0.0,15.0,15.0
