activity_scale,comparison,measure,n,mean,sd,se,t,half_width,ci_low,ci_high,bonferroni_ci_low,bonferroni_ci_high
0.8,B: 2nd guard 07-09 minus A: 1 guard,avg_delay_sec,30,-0.07287257397639492,0.07007699489587675,0.012794250288882028,2.045229642132703,0.02616717993968642,-0.09903975391608134,-0.046705394036708495,-0.10538158880214399,-0.04036355915064585
0.8,B: 2nd guard 07-09 minus A: 1 guard,max_queue_veh,30,0.03333333333333333,0.18257418583505533,0.033333333333333326,2.045229642132703,0.06817432140442342,-0.03484098807109009,0.10150765473775675,-0.05136360498329682,0.11803027164996349
0.8,B: 2nd guard 07-09 minus A: 1 guard,guard_utilization,30,-0.001619744881602462,0.00034102724665072934,6.226277190482753e-05,2.045229642132703,0.00012734166670110052,-0.0017470865483035626,-0.0014924032149013615,-0.0017779488661458299,-0.0014615408970590942
0.8,B: 2nd guard 07-09 minus A: 1 guard,spillover_min,30,0.0,0.0,0.0,2.045229642132703,0.0,0.0,0.0,0.0,0.0
0.8,B: 2nd guard 07-09 minus A: 1 guard,avg_delay_morning_sec,30,-0.13552885211898807,0.12653856171294242,0.023102674881479372,2.045229642132703,0.04725027548015624,-0.18277912759914433,-0.08827857663883183,-0.19423062700056265,-0.07682707723741349
0.8,B: 2nd guard 07-09 minus A: 1 guard,avg_initial_wait_sec,30,-0.15315959786035563,0.1437850705869942,0.026251442197656433,2.045229642132703,0.053690227731380206,-0.20684982559173584,-0.09946937012897542,-0.21986210127648032,-0.08645709444423096
0.8,B: 2nd guard 07-09 minus A: 1 guard,effective_guard_hours,30,2.0,0.0,0.0,2.045229642132703,0.0,2.0,2.0,2.0,2.0
0.8,C: 2nd guard 07-10 minus A: 1 guard,avg_delay_sec,30,-0.08753552427707975,0.07268133938798942,0.013269736364163509,2.045229642132703,0.027139658155273447,-0.1146751824323532,-0.06039586612180631,-0.12125270554648479,-0.05381834300767472
0.8,C: 2nd guard 07-10 minus A: 1 guard,max_queue_veh,30,0.03333333333333333,0.18257418583505533,0.033333333333333326,2.045229642132703,0.06817432140442342,-0.03484098807109009,0.10150765473775675,-0.05136360498329682,0.11803027164996349
0.8,C: 2nd guard 07-10 minus A: 1 guard,guard_utilization,30,-0.002267642834243447,0.0004774381453110209,8.71678806667585e-05,2.045229642132703,0.00017827833338154064,-0.002445921167624988,-0.0020893645008619064,-0.002489128412604162,-0.0020461572558827324
0.8,C: 2nd guard 07-10 minus A: 1 guard,spillover_min,30,0.0,0.0,0.0,2.045229642132703,0.0,0.0,0.0,0.0,0.0
0.8,C: 2nd guard 07-10 minus A: 1 guard,avg_delay_morning_sec,30,-0.16262233972882773,0.13164690632144468,0.024035326739341566,2.045229642132703,0.04915776270564614,-0.21178010243447387,-0.11346457702318158,-0.22369389731668965,-0.1015507821409658
0.8,C: 2nd guard 07-10 minus A: 1 guard,avg_initial_wait_sec,30,-0.20316415012201688,0.1903370968346918,0.03475064048880195,2.045229642132703,0.07107304001079463,-0.2742371901328115,-0.13209111011122227,-0.2914623357403204,-0.11486596450371339
0.8,C: 2nd guard 07-10 minus A: 1 guard,effective_guard_hours,30,3.0,0.0,0.0,2.045229642132703,0.0,3.0,3.0,3.0,3.0
0.8,C: 2nd guard 07-10 minus B: 2nd guard 07-09,avg_delay_sec,30,-0.014662950300684848,0.0246260590520213,0.004496082681748784,2.045229642132703,0.00919552157419211,-0.023858471874876958,-0.005467428726492737,-0.026087083427561227,-0.003238817173808469
0.8,C: 2nd guard 07-10 minus B: 2nd guard 07-09,max_queue_veh,30,0.0,0.0,0.0,2.045229642132703,0.0,0.0,0.0,0.0,0.0
0.8,C: 2nd guard 07-10 minus B: 2nd guard 07-09,guard_utilization,30,-0.0006478979526409847,0.00013641089866029158,2.4905108761930983e-05,2.045229642132703,5.093666668044015e-05,-0.0006988346193214248,-0.0005969612859605445,-0.0007111795464583318,-0.0005846163588236376
0.8,C: 2nd guard 07-10 minus B: 2nd guard 07-09,spillover_min,30,0.0,0.0,0.0,2.045229642132703,0.0,0.0,0.0,0.0,0.0
0.8,C: 2nd guard 07-10 minus B: 2nd guard 07-09,avg_delay_morning_sec,30,-0.027093487609839637,0.04510973903808522,0.008235873878110223,2.045229642132703,0.016844253384377447,-0.04393774099421709,-0.01024923422546219,-0.04802008666497505,-0.006166888554704219
0.8,C: 2nd guard 07-10 minus B: 2nd guard 07-09,avg_initial_wait_sec,30,-0.05000455226166125,0.11553293094310159,0.02109333080407445,2.045229642132703,0.043140705411803905,-0.09314525767346515,-0.006863846849857344,-0.10360076840181032,0.003591663878487812
0.8,C: 2nd guard 07-10 minus B: 2nd guard 07-09,effective_guard_hours,30,1.0,0.0,0.0,2.045229642132703,0.0,1.0,1.0,1.0,1.0
1.0,B: 2nd guard 07-09 minus A: 1 guard,avg_delay_sec,30,-0.1260204071271824,0.11158691680968613,0.0203728904863725,2.045229642132703,0.04166723951865237,-0.16768764664583477,-0.08435316760853004,-0.17778605059285502,-0.0742547636615098
1.0,B: 2nd guard 07-09 minus A: 1 guard,max_queue_veh,30,0.03333333333333333,0.18257418583505533,0.033333333333333326,2.045229642132703,0.06817432140442342,-0.03484098807109009,0.10150765473775675,-0.05136360498329682,0.11803027164996349
1.0,B: 2nd guard 07-09 minus A: 1 guard,guard_utilization,30,-0.002024681102003078,0.00042628405831341147,7.782846488103437e-05,2.045229642132703,0.00015917708337637556,-0.0021838581853794534,-0.0018655040186267022,-0.0022224360826822876,-0.0018269261213238683
1.0,B: 2nd guard 07-09 minus A: 1 guard,spillover_min,30,0.0,0.0,0.0,2.045229642132703,0.0,0.0,0.0,0.0,0.0
1.0,B: 2nd guard 07-09 minus A: 1 guard,avg_delay_morning_sec,30,-0.2349171393645005,0.19786730050341517,0.03612546129279127,2.045229642132703,0.0738848642717343,-0.3088020036362348,-0.1610322750927662,-0.3267086183677611,-0.14312566036123991
1.0,B: 2nd guard 07-09 minus A: 1 guard,avg_initial_wait_sec,30,-0.26641108748326586,0.22694205049789135,0.041433760101390535,2.045229642132703,0.08474155434437923,-0.3511526418276451,-0.18166953313888662,-0.37169046618927165,-0.16113170877726007
1.0,B: 2nd guard 07-09 minus A: 1 guard,effective_guard_hours,30,2.0,0.0,0.0,2.045229642132703,0.0,2.0,2.0,2.0,2.0
1.0,C: 2nd guard 07-10 minus A: 1 guard,avg_delay_sec,30,-0.14504688497337265,0.11319606850439237,0.02066668004691859,2.045229642132703,0.04226810663643038,-0.18731499160980303,-0.10277877833694227,-0.1975590207276745,-0.09253474921907079
1.0,C: 2nd guard 07-10 minus A: 1 guard,max_queue_veh,30,0.03333333333333333,0.18257418583505533,0.033333333333333326,2.045229642132703,0.06817432140442342,-0.03484098807109009,0.10150765473775675,-0.05136360498329682,0.11803027164996349
1.0,C: 2nd guard 07-10 minus A: 1 guard,guard_utilization,30,-0.002834553542804308,0.0005967976816387757,0.00010895985083344805,2.045229642132703,0.00022284791672692566,-0.0030574014595312338,-0.0026117056260773824,-0.0031114105157552014,-0.002557696569853415
1.0,C: 2nd guard 07-10 minus A: 1 guard,spillover_min,30,0.0,0.0,0.0,2.045229642132703,0.0,0.0,0.0,0.0,0.0
1.0,C: 2nd guard 07-10 minus A: 1 guard,avg_delay_morning_sec,30,-0.2700930773642915,0.20216494401477766,0.036910100057887585,2.045229642132703,0.07548963073247568,-0.34558270809676717,-0.19460344663181584,-0.3638782514001981,-0.17630790332838492
1.0,C: 2nd guard 07-10 minus A: 1 guard,avg_initial_wait_sec,30,-0.33375154962002324,0.2765327456575776,0.05048774089516468,2.045229642132703,0.10325902424310629,-0.4370105738631295,-0.23049252537691695,-0.4620362619103363,-0.20546683732971013
1.0,C: 2nd guard 07-10 minus A: 1 guard,effective_guard_hours,30,3.0,0.0,0.0,2.045229642132703,0.0,3.0,3.0,3.0,3.0
1.0,C: 2nd guard 07-10 minus B: 2nd guard 07-09,avg_delay_sec,30,-0.01902647784619025,0.0315865897235674,0.005766895902086244,2.045229642132703,0.011794626442040402,-0.03082110428823065,-0.007231851404149848,-0.033679630641113026,-0.00437332505126747
1.0,C: 2nd guard 07-10 minus B: 2nd guard 07-09,max_queue_veh,30,0.0,0.0,0.0,2.045229642132703,0.0,0.0,0.0,0.0,0.0
1.0,C: 2nd guard 07-10 minus B: 2nd guard 07-09,guard_utilization,30,-0.0008098724408012306,0.00017051362332536435,3.11313859524137e-05,2.045229642132703,6.367083335055014e-05,-0.0008735432741517808,-0.0007462016074506804,-0.0008889744330729143,-0.0007307704485295469
1.0,C: 2nd guard 07-10 minus B: 2nd guard 07-09,spillover_min,30,0.0,0.0,0.0,2.045229642132703,0.0,0.0,0.0,0.0,0.0
1.0,C: 2nd guard 07-10 minus B: 2nd guard 07-09,avg_delay_morning_sec,30,-0.03517593799979104,0.05790588286730872,0.01057211941955897,2.045229642132703,0.021622412017048794,-0.05679835001683983,-0.013553525982742246,-0.06203872239042406,-0.008313153609158016
1.0,C: 2nd guard 07-10 minus B: 2nd guard 07-09,avg_initial_wait_sec,30,-0.06734046213675735,0.14851288273318597,0.02711461865102848,2.045229642132703,0.055455621800207695,-0.12279608393696503,-0.01188484033654965,-0.13623621763771063,0.0015552933641959366
1.0,C: 2nd guard 07-10 minus B: 2nd guard 07-09,effective_guard_hours,30,1.0,0.0,0.0,2.045229642132703,0.0,1.0,1.0,1.0,1.0
1.2,B: 2nd guard 07-09 minus A: 1 guard,avg_delay_sec,30,-0.18025147713299966,0.14731187629105563,0.02689534587767388,2.045229642132703,0.055007158624430216,-0.2352586357574299,-0.12524431850856943,-0.248590080657173,-0.11191287360882632
1.2,B: 2nd guard 07-09 minus A: 1 guard,max_queue_veh,30,0.06666666666666667,0.2537081317024625,0.046320555585310084,2.045229642132703,0.09473617332313172,-0.028069506656465057,0.16140283998979837,-0.05102961050936476,0.18436294384269808
1.2,B: 2nd guard 07-09 minus A: 1 guard,guard_utilization,30,-0.002429617322403693,0.0005115408699760933,9.339415785724116e-05,2.045229642132703,0.0001910125000516505,-0.0026206298224553436,-0.0022386048223520423,-0.0026669232992187443,-0.0021923113455886416
1.2,B: 2nd guard 07-09 minus A: 1 guard,spillover_min,30,0.0,0.0,0.0,2.045229642132703,0.0,0.0,0.0,0.0,0.0
1.2,B: 2nd guard 07-09 minus A: 1 guard,avg_delay_morning_sec,30,-0.3363394310879615,0.2589624860661566,0.047279865055350416,2.045229642132703,0.09669818148723681,-0.4330376125751983,-0.2396412496007247,-0.45647322551430985,-0.21620563666161313
1.2,B: 2nd guard 07-09 minus A: 1 guard,avg_initial_wait_sec,30,-0.39775896846018305,0.3110003241198056,0.05678063097061184,2.045229642132703,0.11612942956009352,-0.5138883980202765,-0.2816295389000895,-0.5420333364271006,-0.2534846004932655
1.2,B: 2nd guard 07-09 minus A: 1 guard,effective_guard_hours,30,2.0,0.0,0.0,2.045229642132703,0.0,2.0,2.0,2.0,2.0
1.2,C: 2nd guard 07-10 minus A: 1 guard,avg_delay_sec,30,-0.20878214883318968,0.15347930027662532,0.028021358290538857,2.045229642132703,0.057310112588631036,-0.26609226142182074,-0.15147203624455866,-0.27998184647364854,-0.1375824511927308
1.2,C: 2nd guard 07-10 minus A: 1 guard,max_queue_veh,30,0.06666666666666667,0.2537081317024625,0.046320555585310084,2.045229642132703,0.09473617332313172,-0.028069506656465057,0.16140283998979837,-0.05102961050936476,0.18436294384269808
1.2,C: 2nd guard 07-10 minus A: 1 guard,guard_utilization,30,-0.00340146425136517,0.0007161572179665302,0.00013075182100013753,2.045229642132703,0.0002674175000723105,-0.0036688817514374805,-0.0031340467512928592,-0.0037336926189062416,-0.003069235883824098
1.2,C: 2nd guard 07-10 minus A: 1 guard,spillover_min,30,0.0,0.0,0.0,2.045229642132703,0.0,0.0,0.0,0.0,0.0
1.2,C: 2nd guard 07-10 minus A: 1 guard,avg_delay_morning_sec,30,-0.3894436187381165,0.27276402246586995,0.04979966932680096,2.045229642132703,0.10185175987558007,-0.49129537861369654,-0.28759185886253646,-0.5159800043729357,-0.2629072331032973
1.2,C: 2nd guard 07-10 minus A: 1 guard,avg_initial_wait_sec,30,-0.48856996901909333,0.3786609898553006,0.06913372193032767,2.045229642132703,0.14139433736286586,-0.6299643063819592,-0.34717563165622745,-0.6642324064770541,-0.3129075315611326
1.2,C: 2nd guard 07-10 minus A: 1 guard,effective_guard_hours,30,3.0,0.0,0.0,2.045229642132703,0.0,3.0,3.0,3.0,3.0
1.2,C: 2nd guard 07-10 minus B: 2nd guard 07-09,avg_delay_sec,30,-0.028530671700190007,0.0490938366092065,0.008963267248445112,2.045229642132703,0.018331939866877173,-0.04686261156706718,-0.010198731833312834,-0.051305510497900816,-0.0057558329024791945
1.2,C: 2nd guard 07-10 minus B: 2nd guard 07-09,max_queue_veh,30,0.0,0.0,0.0,2.045229642132703,0.0,0.0,0.0,0.0,0.0
1.2,C: 2nd guard 07-10 minus B: 2nd guard 07-09,guard_utilization,30,-0.0009718469289614769,0.00020461634799043683,3.735766314289637e-05,2.045229642132703,7.640500002066001e-05,-0.001048251928982137,-0.0008954419289408169,-0.0010667693196874971,-0.0008769245382354567
1.2,C: 2nd guard 07-10 minus B: 2nd guard 07-09,spillover_min,30,0.0,0.0,0.0,2.045229642132703,0.0,0.0,0.0,0.0,0.0
1.2,C: 2nd guard 07-10 minus B: 2nd guard 07-09,avg_delay_morning_sec,30,-0.053104187650154996,0.09111192118901998,0.016634684830953053,2.045229642132703,0.034021750503800414,-0.08712593815395542,-0.019082437146354582,-0.09537139390146943,-0.010836981398840567
1.2,C: 2nd guard 07-10 minus B: 2nd guard 07-09,avg_initial_wait_sec,30,-0.09081100055891023,0.19408466836625135,0.035434850310035064,2.045229642132703,0.07247240621861892,-0.16328340677752914,-0.01833859434029131,-0.18084770048795212,-0.0007743006298683297
1.2,C: 2nd guard 07-10 minus B: 2nd guard 07-09,effective_guard_hours,30,1.0,0.0,0.0,2.045229642132703,0.0,1.0,1.0,1.0,1.0
