avg_delay_sec,avg_initial_wait_sec,max_queue_veh,guard_utilization,spillover_min,any_spillover,avg_delay_morning_sec,p90_delay_sec,max_delay_sec,stop_occupancy,spillover_morning_min,guard_hours,effective_guard_hours,n_vehicles,n_refused,time_avg_queue_Lq,last_departure_clock,seed,config,demand,activity_scale
1.1293723164603011,1.1293723164602834,2,0.04828572697532906,0.0,0,1.7412147327487122,2.3370852094802332,73.0977867142841,0.09845457585972812,0.0,12.0,12.0,407,21,0.010640151222206835,18:60,1,A: 1 guard,1.0,0.8
0.8726827285838361,0.517615295434254,3,0.04138776597885349,0.0,0,1.2365158812234887,0.21909944452789815,68.72565868304667,0.09406772924721488,0.0,14.0,14.0,407,21,0.012608649171161713,18:60,1,B: 2nd guard 07-09,1.0,0.8
0.7996329498306846,0.3889873960255104,3,0.03862858158026325,0.0,0,1.0928866060904805,4.895417404782213e-12,68.72565868304667,0.0919924333377864,0.0,15.0,15.0,407,21,0.013995721470577857,18:60,1,C: 2nd guard 07-10,1.0,0.8
1.376179342444707,1.3761793424447177,3,0.049409551876946324,0.0,0,1.9636623585116832,1.916711409968988,63.24426951943942,0.09590580743450289,0.0,12.0,12.0,380,24,0.012105281252985944,18:34,2,A: 1 guard,1.0,0.8
0.936705398947884,0.5700163435894986,4,0.04235104446595402,0.0,0,1.2147829929117155,2.306571600385617e-12,52.10895306137069,0.09203046716059096,0.0,14.0,14.0,380,24,0.012114878505398052,18:34,2,B: 2nd guard 07-09,1.0,0.8
0.8858341390787159,0.40910887150452524,4,0.03952764150155709,0.0,0,1.1280965411167208,2.1610213618572544e-12,52.10895306137069,0.09164952427289236,0.0,15.0,15.0,380,24,0.01204834271832157,18:34,2,C: 2nd guard 07-10,1.0,0.8
1.201455862608929,1.2014558626090404,2,0.046998432557149555,0.0,0,1.3898525199237766,4.155937088654494,52.47737998199365,0.0975922523469633,0.0,12.0,12.0,403,20,0.011208025755357485,18:56,3,A: 1 guard,1.0,0.8
0.8075540382367629,0.4943530553889109,2,0.04028437076327103,0.0,0,0.6616762115660566,1.072336289848165,52.47737998199365,0.09448779249125337,0.0,14.0,14.0,403,20,0.010637892203151119,18:56,3,B: 2nd guard 07-09,1.0,0.8
0.8057308623315343,0.4925298794836824,2,0.03759874604571963,0.0,0,0.6583058450990515,1.072336289848165,52.47737998199365,0.0943954930508429,0.0,15.0,15.0,403,20,0.010713183775741984,18:56,3,C: 2nd guard 07-10,1.0,0.8
1.2682457564511542,1.268245756451107,3,0.04480272942653708,0.0,0,1.2123830182454995,3.170317328841539,64.45104851848947,0.09386659899057942,0.0,12.0,12.0,396,19,0.011625586100801813,18:53,4,A: 1 guard,1.0,0.8
0.9979768798452545,0.8197236533247835,3,0.03840233950846034,0.0,0,0.6953469064776918,0.9832731208241173,64.45104851848947,0.09022502304528804,0.0,14.0,14.0,396,19,0.012789697343872457,18:53,4,B: 2nd guard 07-09,1.0,0.8
0.9565051745576467,0.676746525712344,3,0.03584218354122965,0.0,0,0.6160097311448768,0.6349156876715495,64.45104851848947,0.08974251727954358,0.0,15.0,15.0,396,19,0.012892045811147175,18:53,4,C: 2nd guard 07-10,1.0,0.8
1.5155407675411159,1.5155407675411139,4,0.04453143164152375,0.0,0,2.2601828252882026,4.574367588405486,39.20995901576078,0.09563687349541117,0.0,12.0,12.0,417,19,0.014629178242237141,18:41,5,A: 1 guard,1.0,0.8
1.0428296405189186,0.6444071703086226,4,0.03816979854987749,0.0,0,1.3993944411473458,2.02160439963147,39.20995901576078,0.09117373784599868,0.0,14.0,14.0,417,19,0.014529338429421473,18:41,5,B: 2nd guard 07-09,1.0,0.8
1.0084917690025763,0.5081734284953,4,0.03562514531321898,0.0,0,1.336866526639421,1.868447663112574,37.614371402317886,0.09088077190505829,0.0,15.0,15.0,417,19,0.014490848527252723,18:41,5,C: 2nd guard 07-10,1.0,0.8
2.0481846297988406,2.0481846297989,3,0.052067586767565635,0.0,0,3.2328376202149958,6.039403369716732,56.56341808927205,0.10005252829857068,0.0,12.0,12.0,402,30,0.019059495860628654,18:56,6,A: 1 guard,1.0,0.8
1.486339541910759,1.0182069488042762,3,0.04462936008648482,0.0,0,2.2015055410779687,2.9783139924039372,56.56341808927205,0.09477935454941407,0.0,14.0,14.0,402,30,0.019104388930826725,18:56,6,B: 2nd guard 07-09,1.0,0.8
1.3806965655096188,0.6734872062654874,3,0.04165406941405251,0.0,0,2.0075855569991643,2.4764148611719206,56.56341808927205,0.09396039743051732,0.0,15.0,15.0,402,30,0.018940279463768445,18:56,6,C: 2nd guard 07-10,1.0,0.8
1.648064003057999,1.6480640030579785,3,0.044866597674584126,0.0,0,2.609917872886124,4.230856508268432,62.73280534774149,0.08671624476450192,0.0,12.0,12.0,344,21,0.013123472616943162,18:54,7,A: 1 guard,1.0,0.8
1.4094041089771092,1.0300617919861104,3,0.03845708372107211,0.0,0,2.143446261728022,2.978373690547771,62.73280534774149,0.08402430405773814,0.0,14.0,14.0,344,21,0.013914973426396148,18:54,7,B: 2nd guard 07-09,1.0,0.8
1.3121885413850483,0.7283954910089762,3,0.035893278139667285,0.0,0,1.9534340159799022,2.7633274385970985,56.62969311281775,0.08349313051991718,0.0,15.0,15.0,344,21,0.013672023000058105,18:54,7,C: 2nd guard 07-10,1.0,0.8
1.7394481584233477,1.7394481584233743,3,0.04364197004353269,0.0,0,2.917881250218248,5.822459927521683,56.932877125158484,0.09376819006619065,0.0,12.0,12.0,406,16,0.016347591488886343,18:57,8,A: 1 guard,1.0,0.8
1.197295111520404,0.6164018060747316,3,0.03740740289445658,0.0,0,1.8844815457929185,3.044467453830548,54.37298122644273,0.09023180670187779,0.0,14.0,14.0,406,16,0.014788740199435423,18:57,8,B: 2nd guard 07-09,1.0,0.8
1.1440721951736652,0.48815971338072456,3,0.034913576034826144,0.0,0,1.7830331700334077,2.8563923672173392,54.37298122644273,0.08973140937887426,0.0,15.0,15.0,406,16,0.014788940669735812,18:57,8,C: 2nd guard 07-10,1.0,0.8
1.65913906152138,1.6591390615214232,3,0.054801911652334515,0.0,0,2.4206116640974655,5.622303049122444,38.16344291671752,0.10623654085404471,0.0,12.0,12.0,433,29,0.01662979661200871,18:40,9,A: 1 guard,1.0,0.8
1.07039036650839,0.6633408987621303,3,0.04697306713057244,0.0,0,1.3494848366158496,2.47269780657347,37.97499457178717,0.10015409959993235,0.0,14.0,14.0,433,29,0.016811122473976974,18:40,9,B: 2nd guard 07-09,1.0,0.8
1.0295350453612127,0.6025070115426436,3,0.04384152932186761,0.0,0,1.2751556178901022,1.6265527255789878,37.97499457178717,0.09880040900748473,0.0,15.0,15.0,433,29,0.017755314129926262,18:40,9,C: 2nd guard 07-10,1.0,0.8
1.2628849324930496,1.2628849324930285,2,0.04493110199729424,0.0,0,1.9368430916212593,2.854616449941632,43.48211047754726,0.09592484934579165,0.0,12.0,12.0,404,15,0.011810312794610728,18:46,10,A: 1 guard,1.0,0.8
1.0359015964290796,0.6032462305640305,2,0.03851237314053793,0.0,0,1.493841798047134,1.4112566944453,41.89488089467514,0.09369902041059,0.0,14.0,14.0,404,15,0.01191342719810303,18:46,10,B: 2nd guard 07-09,1.0,0.8
0.9828605654060719,0.35551207198352197,2,0.03594488159783541,0.0,0,1.3903221046495728,0.5385063687800149,41.08933554298242,0.09320412132326546,0.0,15.0,15.0,404,15,0.011912294421230943,18:46,10,C: 2nd guard 07-10,1.0,0.8
1.3259607332304075,1.325960733230369,2,0.04708365819567401,0.0,0,1.9452019479132643,4.924491962956996,39.46136883166204,0.09836257713065982,0.0,12.0,12.0,413,20,0.012676430157966257,18:46,11,A: 1 guard,1.0,0.8
0.9530651381011854,0.616611472797426,2,0.04035742131057773,0.0,0,1.2083317049067153,1.6800966140620879,38.15797070527282,0.09436780603474215,0.0,14.0,14.0,413,20,0.01310625030970872,18:46,11,B: 2nd guard 07-09,1.0,0.8
0.902720517439403,0.505231898657658,2,0.037666926556539214,0.0,0,1.1088468803453937,1.3500192493624754,38.15797070527282,0.09384707623911365,0.0,15.0,15.0,413,20,0.013145676208732684,18:46,11,C: 2nd guard 07-10,1.0,0.8
2.0499662449713116,2.049966244971413,5,0.052384140084130365,0.0,0,3.1790174002633096,6.487012985545313,52.55642703475861,0.10132858566043959,0.0,12.0,12.0,398,26,0.01888626309024589,18:52,12,A: 1 guard,1.0,0.8
1.313820145773955,0.9346517441548448,6,0.04490069150068316,0.0,0,1.835044246682814,2.266873781196625,48.45678247792695,0.09116231235233231,0.0,14.0,14.0,398,26,0.022270449651118254,18:52,12,B: 2nd guard 07-09,1.0,0.8
1.2891737609813507,0.8772094684492621,6,0.04190731206730428,0.0,0,1.7900476359146653,1.8482793793571828,48.45678247792695,0.09086531127615936,0.0,15.0,15.0,398,26,0.02234038449702599,18:52,12,C: 2nd guard 07-10,1.0,0.8
1.372750309977684,1.3727503099777028,3,0.04531707841256955,0.0,0,2.2172990092670344,5.070074591922746,49.434835351307,0.09541594341942784,0.0,12.0,12.0,405,19,0.012869534156040963,18:44,13,A: 1 guard,1.0,0.8
0.930564251693718,0.530262846645946,3,0.03884321006791675,0.0,0,1.3958065615376476,2.5661347848111316,49.434835351307,0.09115747131561983,0.0,14.0,14.0,405,19,0.012982511963436798,18:44,13,B: 2nd guard 07-09,1.0,0.8
0.8724475313363945,0.31383230628000147,3,0.03625366273005563,0.0,0,1.2878374250939961,2.330686137533177,43.736919116320834,0.09062743507277732,0.0,15.0,15.0,405,19,0.012967703952929403,18:44,13,C: 2nd guard 07-10,1.0,0.8
1.2740438005122863,1.2740438005123338,4,0.04301202036612918,0.0,0,2.056036404463,3.388072497289069,39.130937463824736,0.08811899621294672,0.0,12.0,12.0,370,19,0.010911949217351006,18:54,14,A: 1 guard,1.0,0.8
0.972832633220183,0.7018587865164151,4,0.03686744602811073,0.0,0,1.4959955406535612,1.7954156826540775,39.130937463824736,0.0858876784610459,0.0,14.0,14.0,370,19,0.010563449101240768,18:54,14,B: 2nd guard 07-09,1.0,0.8
0.9091914369015017,0.39187584431491185,4,0.034409616292903344,0.0,0,1.3776676882017416,1.52404942236396,35.53003316387576,0.08523250616264567,0.0,15.0,15.0,370,19,0.010673546338578218,18:54,14,C: 2nd guard 07-10,1.0,0.8
1.8272454337202553,1.8272454337201454,3,0.04573375769824611,0.0,0,2.1269839931511556,5.112114599102278,57.59126394059601,0.09140939240212644,0.0,12.0,12.0,370,23,0.015650018761029023,18:55,15,A: 1 guard,1.0,0.8
1.3978381372199533,0.9533426699003997,3,0.0392003637413538,0.0,0,1.3845508169590441,1.9812163794154023,57.59126394059601,0.08826336427806604,0.0,14.0,14.0,370,23,0.015118252910434067,18:55,15,B: 2nd guard 07-09,1.0,0.8
1.3374931041042168,0.8293969825902748,3,0.03658700615859688,0.0,0,1.2802159466187515,0.9822923002328163,57.59126394059601,0.087533825469134,0.0,15.0,15.0,370,23,0.015330947685735936,18:55,15,C: 2nd guard 07-10,1.0,0.8
1.9753048103604718,1.9753048103604858,3,0.050294667204464176,0.0,0,3.0295972752840887,6.6411477654214615,63.41132578419785,0.0980545064725063,0.0,12.0,12.0,391,23,0.017878337519697914,18:56,16,A: 1 guard,1.0,0.8
1.2695520048852045,1.0257083567723366,4,0.043109714746683576,0.0,0,1.7092654717394506,2.612515617835924,62.04955542400153,0.09109710277315682,0.0,14.0,14.0,391,23,0.01844802485467636,18:56,16,B: 2nd guard 07-09,1.0,0.8
1.2188333498528297,0.8690902729650106,4,0.04023573376357134,0.0,0,1.6143803324205097,2.3194086134534526,62.04955542400153,0.09073396461824731,0.0,15.0,15.0,391,23,0.018352112219825238,18:56,16,C: 2nd guard 07-10,1.0,0.8
1.2386871594055646,1.2386871594055027,3,0.04277324828971572,0.0,0,1.9951629215167657,3.5464516054277926,47.330951166638854,0.08852743496505676,0.0,12.0,12.0,367,18,0.010523106192171748,18:51,17,A: 1 guard,1.0,0.8
0.7598799349942218,0.5047958898876964,3,0.03666278424832776,0.0,0,1.065415559829132,0.11943495143296802,25.91600561656836,0.08437265241683375,0.0,14.0,14.0,367,18,0.010610244033011374,18:51,17,B: 2nd guard 07-09,1.0,0.8
0.7107996466287122,0.41320675695759806,3,0.034218598631772575,0.0,0,0.9701115078177982,5.576539230389702e-12,25.91600561656836,0.08399144731059069,0.0,15.0,15.0,367,18,0.010574493911704856,18:51,17,C: 2nd guard 07-10,1.0,0.8
1.5358137915564782,1.5358137915564691,3,0.044348555766154686,0.0,0,2.408185866012339,3.2291176051147414,44.46742605466384,0.0925113699957501,0.0,12.0,12.0,395,17,0.014042741844092715,18:57,18,A: 1 guard,1.0,0.8
1.1875320361206085,0.7612613075117535,3,0.038013047799561155,0.0,0,1.7592646707426767,0.7294791659203662,44.46742605466384,0.08907310482067982,0.0,14.0,14.0,395,17,0.014296486338672981,18:57,18,B: 2nd guard 07-09,1.0,0.8
1.1310629244662436,0.5579729812212975,3,0.035478844612923735,0.0,0,1.654050995726288,0.7294791659203662,44.46742605466384,0.08878938774324764,0.0,15.0,15.0,395,17,0.014063877047969185,18:57,18,C: 2nd guard 07-10,1.0,0.8
1.560938397036244,1.5609383970362978,3,0.04257466098564296,0.0,0,2.2783744293586596,4.707085399153262,46.66794282490905,0.09142691007000055,0.0,12.0,12.0,381,18,0.013766609473861793,18:58,19,A: 1 guard,1.0,0.8
1.1985163868976416,0.7965357784147697,3,0.03649256655912254,0.0,0,1.5196778037388374,1.8540450697285666,46.66794282490905,0.08901169026997754,0.0,14.0,14.0,381,18,0.012985468490023511,18:58,19,B: 2nd guard 07-09,1.0,0.8
1.1280246900362596,0.6684347999647334,3,0.03405972878851437,0.0,0,1.3721100207488015,1.764685072870103,46.66794282490905,0.08787925201281721,0.0,15.0,15.0,381,18,0.013496209142920268,18:58,19,C: 2nd guard 07-10,1.0,0.8
0.9992454840335284,0.9992454840335722,3,0.045823614748468335,0.0,0,1.7009186287330373,2.331846472326709,40.14733259068895,0.09336971867223268,0.0,12.0,12.0,397,20,0.009182880952808522,18:54,20,A: 1 guard,1.0,0.8
0.7013428048773703,0.32405632266726636,3,0.03927738407011572,0.0,0,1.129578707839343,3.888889210657041e-12,26.889732424223393,0.09056617854266946,0.0,14.0,14.0,397,20,0.009248750628089445,18:54,20,B: 2nd guard 07-09,1.0,0.8
0.656121054953149,0.23413184667734394,3,0.03665889179877467,0.0,0,1.0428490715112468,2.902345030975086e-12,26.889732424223393,0.0891124323207171,0.0,15.0,15.0,397,20,0.010286917342636344,18:54,20,C: 2nd guard 07-10,1.0,0.8
2.110536556849748,2.110536556849727,4,0.05700811570846376,0.0,0,3.348575002730995,6.908575727731954,42.57831825731553,0.10595978070439584,0.0,12.0,12.0,421,32,0.02056796042670683,18:60,21,A: 1 guard,1.0,0.8
1.375467849768819,0.8619525458316717,5,0.04886409917868318,0.0,0,1.973179777481791,2.329060248641799,38.46884478382992,0.09755935787799268,0.0,14.0,14.0,421,32,0.021804866454937052,18:60,21,B: 2nd guard 07-09,1.0,0.8
1.350169516358941,0.8151469760357245,5,0.04560649256677097,0.0,0,1.9258437847459748,2.239400898085165,38.46884478382992,0.09719285071710976,0.0,15.0,15.0,421,32,0.021924831986987588,18:60,21,C: 2nd guard 07-10,1.0,0.8
2.216658352530562,2.2166583525305392,3,0.043127007427117815,0.0,0,3.2439445628596117,5.4190472831413325,66.7820511270003,0.09218886890179263,0.0,12.0,12.0,389,16,0.019960187479962494,18:51,22,A: 1 guard,1.0,0.8
1.6845974493002185,0.9609851584337535,3,0.03696600636610099,0.0,0,2.2988683466194133,1.0070613152031136,63.871969651572044,0.08789595612638866,0.0,14.0,14.0,389,16,0.019462088881371,18:51,22,B: 2nd guard 07-09,1.0,0.8
1.658885070920149,0.9177604452648427,3,0.03450160594169426,0.0,0,2.253196587761664,0.8146680366402089,63.871969651572044,0.08763465680581006,0.0,15.0,15.0,389,16,0.019491857757740177,18:51,22,C: 2nd guard 07-10,1.0,0.8
2.272095498721596,2.2720954987215936,5,0.047247032934334535,0.0,0,4.041407614680902,5.1437958102215156,95.09853601853935,0.09971748508981848,0.0,12.0,12.0,422,19,0.022195006955104454,18:51,23,A: 1 guard,1.0,0.8
1.877793594491006,1.4856623734099028,5,0.040497456800858186,0.0,0,3.249048549988954,2.2919485444629792,86.24108408902829,0.09480157522728837,0.0,14.0,14.0,422,19,0.02325917136427095,18:51,23,B: 2nd guard 07-09,1.0,0.8
1.6615790270248594,1.2002215692666915,5,0.03779762634746763,0.0,0,2.814560228699842,1.900506064411727,86.24108408902829,0.09257725373241661,0.0,15.0,15.0,422,19,0.023371396852876182,18:51,23,C: 2nd guard 07-10,1.0,0.8
1.2903916198995211,1.290391619899519,3,0.041979757381639914,0.0,0,2.0618533381565074,2.3041586747745266,51.20465569095431,0.08453844738396588,0.0,12.0,12.0,353,19,0.010544172264456718,18:55,24,A: 1 guard,1.0,0.8
0.8927708183468467,0.5636100760926976,3,0.0359826491842628,0.0,0,1.3231157436928551,0.4090705105216444,49.333474621881535,0.08011139746174717,0.0,14.0,14.0,353,19,0.011722144803617699,18:55,24,B: 2nd guard 07-09,1.0,0.8
0.8452275212350802,0.4623350967730162,3,0.03358380590531195,0.0,0,1.2347853022167836,0.12554396111808208,49.333474621881535,0.0789597849916592,0.0,15.0,15.0,353,19,0.012485266906102573,18:55,24,C: 2nd guard 07-10,1.0,0.8
2.172966208373451,2.172966208373427,5,0.05301761739079224,0.0,0,3.643233734193455,6.0632914040965336,55.03201706808182,0.10350155620690672,0.0,12.0,12.0,412,26,0.02072365920948732,18:60,25,A: 1 guard,1.0,0.8
1.5370811962767617,0.9190207812170775,5,0.04544367204925044,0.0,0,2.4941783614573314,2.5143524305097187,55.03201706808182,0.09690720996222019,0.0,14.0,14.0,412,26,0.021253546542510972,18:60,25,B: 2nd guard 07-09,1.0,0.8
1.4844442944697465,0.5935974361021439,5,0.04241409391263373,0.0,0,2.399062556437637,1.887765462195726,53.05109415911841,0.09547627542440086,0.0,15.0,15.0,412,26,0.022182480998281927,18:60,25,C: 2nd guard 07-10,1.0,0.8
1.135848467202914,1.135848467202981,2,0.044565913730601585,0.0,0,1.6199450753347355,3.5588831894777173,37.06645496075239,0.09480268149180543,0.0,12.0,12.0,408,20,0.010727457745805932,18:56,26,A: 1 guard,1.0,0.8
0.8569643154418127,0.658326747835352,2,0.03819935462622994,0.0,0,1.1119775131984435,0.89536180183208,37.06645496075239,0.09267460372028066,0.0,14.0,14.0,408,20,0.010221629639586956,18:56,26,B: 2nd guard 07-09,1.0,0.8
0.7384181941288921,0.3053203279413494,2,0.035652730984481275,0.0,0,0.8960542208070523,0.4386928487720389,35.68811453239036,0.09169344063769952,0.0,15.0,15.0,408,20,0.010083190465323851,18:56,26,C: 2nd guard 07-10,1.0,0.8
1.6236162009376454,1.6236162009376236,4,0.044473124512322285,0.0,0,2.815837394518262,4.750406831816824,41.138542764931294,0.0950920547545176,0.0,12.0,12.0,415,18,0.015597238967340596,18:47,27,A: 1 guard,1.0,0.8
1.0800544559917236,0.6826958559432585,4,0.03811982101056196,0.0,0,1.7951219006152868,1.822904422642305,41.138542764931294,0.09083286695207755,0.0,14.0,14.0,415,18,0.014634710932915887,18:47,27,B: 2nd guard 07-09,1.0,0.8
0.9863300836281421,0.49476923408365864,4,0.035577978634048275,0.0,0,1.6191236448194217,1.5281734315464308,35.36122950332612,0.08984362564955002,0.0,15.0,15.000219648148752,415,18,0.0147235907879692,18:47,27,C: 2nd guard 07-10,1.0,0.8
1.5636207879844108,1.5636207879844242,3,0.04401868602404766,0.0,0,2.6004827469999183,3.7767688000989312,51.64196313356844,0.09002167939908735,0.0,12.0,12.0,372,19,0.013464512340976986,18:57,28,A: 1 guard,1.0,0.8
1.0617852135017558,0.7164370267885866,3,0.03773030230632657,0.0,0,1.6281763214397726,0.3911866180525571,51.64196313356844,0.08498740492518207,0.0,14.0,14.0,372,19,0.01417742492350385,18:57,28,B: 2nd guard 07-09,1.0,0.8
0.9662193631002607,0.5017350122056032,3,0.03521494881923813,0.0,0,1.443017486286876,0.30928975334130887,51.64196313356844,0.08428483799466403,0.0,15.0,15.0,372,19,0.014057063697786802,18:57,28,C: 2nd guard 07-10,1.0,0.8
0.9171690797932402,0.9171690797932863,2,0.037221771655936174,0.0,0,1.4861471070936836,2.4619610597017054,25.610894845135235,0.08450242700298323,0.0,12.0,12.0,376,11,0.007982767916719345,18:58,29,A: 1 guard,1.0,0.8
0.6139732815444156,0.2733678509561997,3,0.03190437570508815,0.0,0,0.9189748675834442,4.83779682980412e-12,21.968552190426962,0.08095394416925196,0.0,14.0,14.0,376,11,0.008892324358284914,18:58,29,B: 2nd guard 07-09,1.0,0.8
0.5762300836426871,0.20741233666810785,3,0.02977741732474894,0.0,0,0.8483706764836936,4.250766405533568e-12,21.968552190426962,0.08065695790126393,0.0,15.0,15.0,376,11,0.008860805014906053,18:58,29,C: 2nd guard 07-10,1.0,0.8
0.855181770072825,0.8551817700727047,2,0.04259970247175545,0.0,0,1.1075253938599077,2.22606514006314,32.92385716933164,0.09000987521710677,0.0,12.0,12.0,388,16,0.007680799231208551,18:39,30,A: 1 guard,1.0,0.8
0.6298702309264728,0.4806123897486176,2,0.036514030690076096,0.0,0,0.6872327150676738,0.024849894268120953,32.92385716933164,0.08707918765258482,0.0,14.0,14.0,388,16,0.00858785537932344,18:39,30,B: 2nd guard 07-09,1.0,0.8
0.5778315775962581,0.3535123077430353,2,0.03407976197740435,0.0,0,0.590160611740158,5.10233522099668e-12,32.92385716933164,0.08659260509370613,0.0,15.0,15.0,388,16,0.008607053736995567,18:39,30,C: 2nd guard 07-10,1.0,0.8
1.8450006949736297,1.8450006949736808,3,0.06035715871916137,0.0,0,2.90009381078292,5.363940336206701,96.40371671785304,0.12306821982465944,0.0,12.0,12.0,407,21,0.017382298214219633,18:60,1,A: 1 guard,1.0,1.0
1.3534792309580808,1.0897848157850694,3,0.051734707473566864,0.0,0,1.933672381534957,2.65777006823768,95.74722090947775,0.11407236357412243,0.0,14.0,14.0,407,21,0.021747385116276823,18:60,1,B: 2nd guard 07-09,1.0,1.0
1.232418063164621,0.8883404311926446,3,0.048285726975329075,0.0,0,1.6956439018637586,1.5138553826103422,95.74722090947775,0.11123294335614907,0.0,15.0,15.0,407,21,0.023446252202492357,18:60,1,C: 2nd guard 07-10,1.0,1.0
2.483555462222741,2.4835554622227236,5,0.06176193984618293,0.0,0,3.700417931004328,5.761278147373669,93.94526360308241,0.11988225929312889,0.0,12.0,12.0,380,24,0.02184608971399618,18:34,2,A: 1 guard,1.0,1.0
1.7183084861520372,1.2219124626596372,5,0.052938805582442496,0.0,0,2.396409630973533,2.0163785468401927,77.7680724479552,0.11284479901325649,0.0,14.0,14.0,380,24,0.0221522108525059,18:34,2,B: 2nd guard 07-09,1.0,1.0
1.6275255775039368,0.9612303847329661,5,0.04940955187694632,0.0,0,2.241712297851209,0.9340942829162818,77.7680724479552,0.11206635704479542,0.0,15.0,15.0,380,24,0.022132099457858684,18:34,2,C: 2nd guard 07-10,1.0,1.0
2.0823316565742656,2.0823316565741963,3,0.05874804069643696,0.0,0,2.5157824279497962,7.36936833554236,67.71620646114202,0.12199031543370605,0.0,12.0,12.0,403,20,0.01942545503702317,18:56,3,A: 1 guard,1.0,1.0
1.3487620954169592,0.9569067711646416,3,0.05035546345408881,0.0,0,1.1596882392048669,3.4240130739208228,67.71620646114202,0.11600581732894055,0.0,14.0,14.0,403,20,0.018566700059696194,18:56,3,B: 2nd guard 07-09,1.0,1.0
1.3406899028136656,0.9488345785613481,3,0.04699843255714955,0.0,0,1.144765791410705,3.4240130739208228,67.71620646114202,0.11580447433821467,0.0,15.0,15.0,403,20,0.018692739957386725,18:56,3,C: 2nd guard 07-10,1.0,1.0
2.118221991769524,2.1182219917695275,3,0.05600341178317133,0.0,0,2.1378245143554575,6.201523204599215,89.17013790927747,0.11733324873822369,0.0,12.0,12.0,396,19,0.019417034924554002,18:53,4,A: 1 guard,1.0,1.0
1.660560702810353,1.3514282427828357,3,0.04800292438557545,0.0,0,1.2622985702596523,3.119598309634367,89.17013790927747,0.11235515308755507,0.0,14.0,14.0,396,19,0.0201999020930969,18:53,4,B: 2nd guard 07-09,1.0,1.0
1.5584689952946296,1.1165168862055137,3,0.0448027294265371,0.0,0,1.0669926950121813,2.865940820816244,89.17013790927747,0.11072379320430947,0.0,15.0,15.0,396,19,0.02089542132411504,18:53,4,C: 2nd guard 07-10,1.0,1.0
2.651570908458425,2.651570908458486,4,0.05566428955190462,0.0,0,3.88388113500708,8.2948591318507,49.766289390683355,0.11954609186926331,0.0,12.0,12.0,417,19,0.025595024741370112,18:41,5,A: 1 guard,1.0,1.0
1.85549893497715,1.2126854526197355,4,0.047712248187346845,0.0,0,2.434265357969126,5.77965932322498,49.766289390683355,0.11322498295170375,0.0,14.0,14.0,417,19,0.02423182780379794,18:41,5,B: 2nd guard 07-09,1.0,1.0
1.7801911583522019,0.9960290559181686,4,0.044531431641523726,0.0,0,2.2971328564293727,5.035561674326603,48.12608713393849,0.1125554075791152,0.0,15.0,15.0,417,19,0.024174473943687328,18:41,5,C: 2nd guard 07-10,1.0,1.0
3.1602351227814482,3.1602351227813834,3,0.06508448345945707,0.0,0,5.041138864970301,10.050860416766062,71.1408180775157,0.12506566037321468,0.0,12.0,12.0,402,30,0.029407743503660096,18:56,6,A: 1 guard,1.0,1.0
2.228473916460491,1.528900012996131,3,0.055786700108106047,0.0,0,3.3307826780249816,6.50448736860746,71.1408180775157,0.1176945405391158,0.0,14.0,14.0,402,30,0.02810830766782783,18:56,6,B: 2nd guard 07-09,1.0,1.0
2.0607004062526237,1.02837953473654,3,0.05206758676756565,0.0,0,3.022814864766705,5.2155258088237515,71.1408180775157,0.11638342830305529,0.0,15.0,15.0,402,30,0.027858194183898465,18:56,6,C: 2nd guard 07-10,1.0,1.0
2.689790052339694,2.6897900523396596,3,0.05608324709323017,0.0,0,4.101516275702804,7.70780779906371,81.79392092830207,0.10839530595562746,0.0,12.0,12.0,344,21,0.02141869856492692,18:54,7,A: 1 guard,1.0,1.0
2.2211396800328225,1.6526539203245159,3,0.04807135465134012,0.0,0,3.185517820739373,5.327825687994664,81.79392092830207,0.10434387014313883,0.0,14.0,14.0,344,21,0.02173828882015713,18:54,7,B: 2nd guard 07-09,1.0,1.0
2.0996202205427528,1.253592579786477,3,0.04486659767458412,0.0,0,2.9480025135542367,4.91684122252869,74.16503063464867,0.10367990322086264,0.0,15.0,15.0,344,21,0.02143460078723463,18:54,7,C: 2nd guard 07-10,1.0,1.0
2.79096102095373,2.790961020953724,4,0.054552462554415836,0.0,0,4.719164958190829,8.06840242788782,79.90861715412677,0.11721023758273869,0.0,12.0,12.0,406,16,0.026229865150629906,18:57,8,A: 1 guard,1.0,1.0
1.9729716046978059,1.4132737920450593,5,0.04675925361807077,0.0,0,3.1599926436372847,5.005021258983322,76.7314112665423,0.10865538183958204,0.0,14.0,14.0,406,16,0.027097135176196153,18:57,8,B: 2nd guard 07-09,1.0,1.0
1.894054783091297,1.2286955923434424,5,0.04364197004353272,0.0,0,3.0095690306220613,4.844054826609671,76.7314112665423,0.10802988518582765,0.0,15.0,15.0,406,16,0.0269809598491116,18:57,8,C: 2nd guard 07-10,1.0,1.0
2.856909698332939,2.85690969833291,3,0.06850238956541808,0.0,0,4.239060030980921,9.884139862902474,53.087401515259074,0.13279567606755668,0.0,12.0,12.0,433,29,0.02863522915227199,18:40,9,A: 1 guard,1.0,1.0
1.8505014885678963,1.1875286021391687,3,0.05871633391321551,0.0,0,2.408073666156286,6.259936978856247,53.087401515259074,0.12346409758037381,0.0,14.0,14.0,433,29,0.02787942905546729,18:40,9,B: 2nd guard 07-09,1.0,1.0
1.7735785067941618,1.0558540024548306,3,0.05480191165233448,0.0,0,2.268125552257013,5.563753575760283,53.087401515259074,0.12161697887533698,0.0,15.0,15.0,433,29,0.028955537318188687,18:40,9,C: 2nd guard 07-10,1.0,1.0
1.94647105681563,1.946471056815668,2,0.056163877496617824,0.0,0,2.9967096487618523,5.828266810807133,62.34135105052549,0.11990606168223897,0.0,12.0,12.0,404,15,0.018203108957257633,18:46,10,A: 1 guard,1.0,1.0
1.5655319040276308,0.8969941055487984,2,0.04814046642567243,0.0,0,2.2532342008084614,4.315459096324488,59.350382382318585,0.11674023681339273,0.0,14.0,14.0,404,15,0.017806447304660546,18:46,10,B: 2nd guard 07-09,1.0,1.0
1.4777880809175663,0.5389662847523152,2,0.04493110199729426,0.0,0,2.0819853866226357,3.7474764291726825,59.350382382318585,0.11583422221240708,0.0,15.0,15.0,404,15,0.017891894671005777,18:46,10,C: 2nd guard 07-10,1.0,1.0
2.063565898071896,2.063565898071897,2,0.05885457274459249,0.0,0,3.0531686247113052,7.042463222043012,54.28581327619231,0.1229532214133243,0.0,12.0,12.0,413,20,0.019728072127400312,18:46,11,A: 1 guard,1.0,1.0
1.4903746415727113,0.970048947381449,2,0.050446776638222134,0.0,0,1.9204988211985627,3.418844544919783,49.90006163904461,0.11770525687214821,0.0,14.0,14.0,413,20,0.019496222109915202,18:46,11,B: 2nd guard 07-09,1.0,1.0
1.41261297583363,0.7980387071174758,2,0.04708365819567399,0.0,0,1.7668358166519573,3.272613538905808,49.90006163904461,0.11692814945434445,0.0,15.0,15.0,413,20,0.019529913602944888,18:46,11,C: 2nd guard 07-10,1.0,1.0
3.650327871030417,3.65032787103042,5,0.065480175105163,0.0,0,5.738926494421152,13.425150771993701,69.7733224832244,0.12666073207555062,0.0,12.0,12.0,398,26,0.0336303354784747,18:52,12,A: 1 guard,1.0,1.0
2.2858786334688803,1.7046460792239322,6,0.056125864375853964,0.0,0,3.247867794652843,7.059359403257309,61.424446049890534,0.11261198775110622,0.0,14.0,14.0,398,26,0.03510845951242162,18:52,12,B: 2nd guard 07-09,1.0,1.0
2.241317709460538,1.598649427610985,6,0.052384140084130365,0.0,0,3.1665134471513743,6.92593347100563,61.424446049890534,0.11224073640589004,0.0,15.0,15.0,398,26,0.03506917271515353,18:52,12,C: 2nd guard 07-10,1.0,1.0
2.2060503177941664,2.206050317794108,3,0.05664634801571193,0.0,0,3.5342149058906096,7.748850886067937,70.88537779107808,0.11926992927428558,0.0,12.0,12.0,405,19,0.020681721729319764,18:44,13,A: 1 guard,1.0,1.0
1.5275731664822594,1.0397336577575664,3,0.04855401258489596,0.0,0,2.273741299095552,4.793110236746923,70.88537779107808,0.11211219002352804,0.0,14.0,14.0,405,19,0.021478737686528165,18:44,13,B: 2nd guard 07-09,1.0,1.0
1.4507405725774576,0.6931746500208144,3,0.04531707841256955,0.0,0,2.131001847116448,4.191520305321077,63.76298249734559,0.11144964471997487,0.0,15.0,15.0,405,19,0.021420977422223823,18:44,13,C: 2nd guard 07-10,1.0,1.0
2.0079721899302365,2.007972189930285,4,0.05376502545766145,0.0,0,3.2518844526157498,6.3325714249402925,52.34461645460433,0.11014874526618348,0.0,12.0,12.0,370,19,0.01719790996005105,18:54,14,A: 1 guard,1.0,1.0
1.5025848478084112,1.1042757790075926,4,0.04608430753513838,0.0,0,2.31221954515306,4.387945589865815,52.08973437303802,0.10548574343097551,0.0,14.0,14.0,370,19,0.01753236280023415,18:54,14,B: 2nd guard 07-09,1.0,1.0
1.3939521400620283,0.6332205948430255,4,0.04301202036612916,0.0,0,2.110239133765313,3.520332838855763,47.892532107084314,0.10448929132503422,0.0,15.0,15.0,370,19,0.01759839588149576,18:54,14,C: 2nd guard 07-10,1.0,1.0
3.0183262344589172,3.0183262344588653,3,0.05716719712280765,0.0,0,3.739744234432401,8.454823859002534,80.80559126454712,0.11426174050265732,0.0,12.0,12.0,370,23,0.025851405248837504,18:55,15,A: 1 guard,1.0,1.0
2.214946148789682,1.524433169463156,3,0.049000454676692264,0.0,0,2.3507225909855927,5.049403848371923,80.80559126454712,0.10988625949079714,0.0,14.0,14.0,370,23,0.023346084601030617,18:55,15,B: 2nd guard 07-09,1.0,1.0
2.078672639673507,1.2817917476044585,3,0.04573375769824612,0.0,0,2.115109514476318,3.698009167905884,80.80559126454712,0.10864276242227246,0.0,15.0,15.0,370,23,0.023422424299810285,18:55,15,C: 2nd guard 07-10,1.0,1.0
3.3521102545474264,3.352110254547359,4,0.06286833400558028,0.0,0,5.266071579899785,11.20501596156275,81.47841888228191,0.12256813309063364,0.0,12.0,12.0,391,23,0.030339701609444845,18:56,16,A: 1 guard,1.0,1.0
1.9823043151418915,1.5890185921023081,4,0.05388714343335448,0.0,0,2.7034202769927784,5.35399497530683,78.0051228559376,0.11262740662741082,0.0,14.0,14.0,391,23,0.027882415982214796,18:56,16,B: 2nd guard 07-09,1.0,1.0
1.9189059963514128,1.3800384239459118,4,0.05029466720446419,0.0,0,2.584813852844084,5.219629234164351,78.0051228559376,0.11217348393377391,0.0,15.0,15.0,391,23,0.02776252518865085,18:56,16,C: 2nd guard 07-10,1.0,1.0
2.2827500707861197,2.2827500707861543,3,0.05346656036214471,0.0,0,3.7621607433946584,7.5018661215193765,61.96992790027112,0.11065929370632001,0.0,12.0,12.0,367,18,0.019392807314317563,18:51,17,A: 1 guard,1.0,1.0
1.2711257568682215,0.815172919008394,3,0.04582848031040976,0.0,0,1.797789721130803,2.191969538808924,38.84447760833958,0.10514220529914108,0.0,14.0,14.0,367,18,0.01631577249909214,18:51,17,B: 2nd guard 07-09,1.0,1.0
1.1832549328809634,0.6583989478808514,3,0.04277324828971578,0.0,0,1.6271622480973447,1.7848741906752417,38.84447760833958,0.10451257819788723,0.0,15.0,15.0,367,18,0.016198904405824596,18:51,17,C: 2nd guard 07-10,1.0,1.0
2.5017890336853497,2.5017890336854873,4,0.05543569470769336,0.0,0,4.006986662372582,6.788097936071654,56.66517582497894,0.11563921249468624,0.0,12.0,12.0,395,17,0.022875154358929804,18:57,18,A: 1 guard,1.0,1.0
1.855714045833523,1.1977095032190432,4,0.04751630974945144,0.0,0,2.803214868969414,2.816894510586808,56.23147177802833,0.11085596426080886,0.0,14.0,14.0,395,17,0.021751003977032373,18:57,18,B: 2nd guard 07-09,1.0,1.0
1.7742986052568228,0.9155174939624123,4,0.04434855576615467,0.0,0,2.6515210056307508,2.816894510586808,56.23147177802833,0.11030652358177853,0.0,15.0,15.0,395,17,0.021556021067456306,18:57,18,C: 2nd guard 07-10,1.0,1.0
2.4048690166940894,2.4048690166941467,3,0.05321832623205368,0.0,0,3.5241816465706775,8.003952655370167,69.42118134418115,0.11428363758750078,0.0,12.0,12.0,381,18,0.021209608688899765,18:58,19,A: 1 guard,1.0,1.0
1.8739564970954476,1.2883194829529667,3,0.04561570819890319,0.0,0,2.4127658775207736,4.547376580648184,69.42118134418115,0.11085210401593451,0.0,14.0,14.0,381,18,0.01995878878900578,18:58,19,B: 2nd guard 07-09,1.0,1.0
1.764930795588576,1.0688605737055437,3,0.04257466098564297,0.0,0,2.1845307551355098,3.811078381866982,69.42118134418115,0.10936422286849985,0.0,15.0,15.0,381,18,0.020485123818984,18:58,19,C: 2nd guard 07-10,1.0,1.0
1.5645656428147716,1.5645656428147388,3,0.0572795184355854,0.0,0,2.679732029222772,5.7014766710222915,54.44356976750471,0.11671214834029166,0.0,12.0,12.0,397,20,0.014378068523089151,18:54,20,A: 1 guard,1.0,1.0
1.0502385830463916,0.5282782276975254,3,0.049096730087644626,0.0,0,1.6933173300534634,1.585307191652741,41.06089336970767,0.11253040505203517,0.0,14.0,14.0,397,20,0.013833241377826032,18:54,20,B: 2nd guard 07-09,1.0,1.0
0.9600792450698967,0.35520192333020983,3,0.04582361474846832,0.0,0,1.520403044175838,0.07770133043043022,34.349497412023894,0.11042376031165807,0.0,15.0,15.0,397,20,0.015111338498372831,18:54,20,C: 2nd guard 07-10,1.0,1.0
4.260004629002036,4.260004629002095,6,0.07126014463557967,0.0,0,7.056641655136686,13.111756266555128,78.03649376622593,0.13244972588049395,0.0,12.0,12.0,421,32,0.04151532288911764,18:60,21,A: 1 guard,1.0,1.0
2.6092390753033197,1.8603106375121192,5,0.06108012397335402,0.0,0,3.967875885771533,6.339678611022377,54.92124462213886,0.11930397875405004,0.0,14.0,14.0,421,32,0.03857374830011803,18:60,21,B: 2nd guard 07-09,1.0,1.0
2.553683749442527,1.7767628076594681,5,0.05700811570846374,0.0,0,3.8639256982720065,6.004827166696895,54.92124462213886,0.11863623390548735,0.0,15.0,15.0,421,32,0.038700085922120694,18:60,21,C: 2nd guard 07-10,1.0,1.0
3.4792166888360847,3.479216688836046,4,0.05390875928389729,0.0,0,5.184512419400972,8.363502439307062,86.90078493803158,0.11523608612724087,0.0,12.0,12.0,389,16,0.03132905768419495,18:51,22,A: 1 guard,1.0,1.0
2.538847462178268,1.6564308995378645,4,0.04620750795762624,0.0,0,3.5141762131457646,4.044074266712204,82.71835265968505,0.10752752015714208,0.0,14.0,14.0,389,16,0.030569947053138858,18:51,22,B: 2nd guard 07-09,1.0,1.0
2.483524080682282,1.5710090937502539,4,0.043127007427117815,0.0,0,3.4159077409907947,3.2742216051636035,82.71835265968505,0.10696739447476868,0.0,15.0,15.0,389,16,0.030631906175282206,18:51,22,C: 2nd guard 07-10,1.0,1.0
3.7503239599095544,3.7503239599094718,5,0.059058791167918144,0.0,0,6.703822940349645,8.400185512343107,126.16342191999308,0.12464685636227388,0.0,12.0,12.0,422,19,0.03663510905281938,18:51,23,A: 1 guard,1.0,1.0
3.0083151835770647,2.4726301197671723,5,0.05062182100107272,0.0,0,5.212738637433881,4.890057216665474,115.09160700810382,0.11786605266666927,0.0,14.0,14.0,422,19,0.03616758627591678,18:51,23,B: 2nd guard 07-09,1.0,1.0
2.6386862553887758,2.010745205001126,6,0.047247032934334535,0.0,0,4.4699605055507465,4.317639048010264,115.09160700810382,0.11498301438456156,0.0,15.0,15.0,422,19,0.03543989752803706,18:51,23,C: 2nd guard 07-10,1.0,1.0
2.15573202007284,2.1557320200728722,5,0.052474696727049935,0.0,0,3.485423950763576,4.999950223364433,66.09039806757625,0.10567305922995705,0.0,12.0,12.0,353,19,0.017615125071428796,18:55,24,A: 1 guard,1.0,1.0
1.5275052974856753,1.0680358308304643,5,0.044978311480328506,0.0,0,2.3182448293253173,2.276911680419872,62.91142652229891,0.09862363327108291,0.0,14.0,14.0,353,19,0.01953112433879208,18:55,24,B: 2nd guard 07-09,1.0,1.0
1.4403291263756823,0.963549445784519,5,0.041979757381639934,0.0,0,2.1562806798420144,1.8894441161552353,62.91142652229891,0.09597650134697965,0.0,15.0,15.0,353,19,0.021465913938778967,18:55,24,C: 2nd guard 07-10,1.0,1.0
3.5701660731642892,3.5701660731642826,5,0.06627202173849024,0.0,0,5.9497606267575245,9.635561272544694,71.2143605382963,0.12937694525863316,0.0,12.0,12.0,412,26,0.03404880606814084,18:60,25,A: 1 guard,1.0,1.0
2.4193825501729114,1.514312044441763,5,0.05680459006156307,0.0,0,3.870274611527491,6.105948203289027,69.89880568935946,0.1192828616710275,0.0,14.0,14.0,412,26,0.03316782457536579,18:60,25,B: 2nd guard 07-09,1.0,1.0
2.3195761526539536,1.0688497736977458,5,0.05301761739079217,0.0,0,3.689922700221303,5.630143392224203,67.42265205315648,0.11737036304670784,0.0,15.0,15.0,412,26,0.0341284658900139,18:60,25,C: 2nd guard 07-10,1.0,1.0
1.9672926661300314,1.9672926661300743,2,0.055707392163252004,0.0,0,2.8591182833773017,7.654991086951848,47.99719850036696,0.11850335186475716,0.0,12.0,12.0,408,20,0.01857998629122848,18:56,26,A: 1 guard,1.0,1.0
1.454677410786658,1.0923523482339295,2,0.047749193282787455,0.0,0,1.925426211144729,3.444466842956565,47.99719850036696,0.11483610057208299,0.0,14.0,14.0,408,20,0.017405871283437454,18:56,26,B: 2nd guard 07-09,1.0,1.0
1.2504761276877645,0.5642651332465507,2,0.04456591373060161,0.0,0,1.5534881597860302,2.578325019060272,45.57299411462946,0.11328270806638853,0.0,15.0,15.0,408,20,0.017030696115420144,18:56,26,C: 2nd guard 07-10,1.0,1.0
2.5480338902952364,2.5480338902952373,4,0.05559140564040279,0.0,0,4.35031166360854,7.914397015107949,52.90953718304309,0.11886506844314672,0.0,12.0,12.0,415,18,0.024477640381308414,18:47,27,A: 1 guard,1.0,1.0
1.7170511035272031,1.1173296393707044,4,0.04764977626320239,0.0,0,2.7898688739762614,3.9624840002344905,52.90953718304309,0.11268956792416655,0.0,14.0,14.0,415,18,0.022670320147771605,18:47,27,B: 2nd guard 07-09,1.0,1.0
1.6210695277590017,0.9060575810836683,4,0.04447138140912615,0.0,0,2.6096319783029416,3.5780349879900446,45.68789560603535,0.11144944247106295,0.0,15.0,15.000587940988407,415,18,0.022988400370694568,18:47,27,C: 2nd guard 07-10,1.0,1.0
2.5415740573464203,2.541574057346441,3,0.05502335753005958,0.0,0,4.219568840071782,6.981601622771107,65.85442873363009,0.11252709924885917,0.0,12.0,12.0,372,19,0.021885776604927687,18:57,28,A: 1 guard,1.0,1.0
1.7332171507631136,1.1759372668808226,3,0.047162877882908204,0.0,0,2.6533773335666253,3.0874081794410717,65.85442873363009,0.10588632803682627,0.0,14.0,14.0,372,19,0.021565696676937654,18:57,28,B: 2nd guard 07-09,1.0,1.0
1.593243055558762,0.8529694227266915,3,0.04401868602404766,0.0,0,2.3821775241081946,2.484515367994496,65.85442873363009,0.10481746570880293,0.0,15.0,15.0,372,19,0.021429226518479078,18:57,28,C: 2nd guard 07-10,1.0,1.0
1.6046562295935543,1.6046562295935356,2,0.04652721456992017,0.0,0,2.679054397706199,5.193378311642602,40.782219408205336,0.10562803375372971,0.0,12.0,12.0,376,11,0.013966452368684476,18:58,29,A: 1 guard,1.0,1.0
1.0378240222171615,0.5255429733886949,3,0.03988046963136013,0.0,0,1.618711562017026,1.6967000780059651,36.054557048361744,0.10020352625415031,0.0,14.0,14.0,376,11,0.014457420285543391,18:58,29,B: 2nd guard 07-09,1.0,1.0
0.9872963218287768,0.4268950579425738,3,0.03722177165593611,0.0,0,1.52419208268353,1.33523505686301,36.054557048361744,0.09959722799891636,0.0,15.0,15.0,376,11,0.01462394040776735,18:58,29,C: 2nd guard 07-10,1.0,1.0
1.5037562858733335,1.503756285873325,2,0.05324962808969427,0.0,0,2.070910318525898,4.5086481803163005,48.36345794054536,0.11251234402138219,0.0,12.0,12.0,388,16,0.013505959234232642,18:39,30,A: 1 guard,1.0,1.0
1.0993551187874555,0.8330447404508107,2,0.045642538362595075,0.0,0,1.316546603000318,1.9904226187897498,48.36345794054536,0.10824990205888506,0.0,14.0,14.0,388,16,0.014136279603458429,18:39,30,B: 2nd guard 07-09,1.0,1.0
0.9828216864022075,0.5718814927646848,2,0.042599702471755437,0.0,0,1.0991669310509127,1.3663645322302898,48.36345794054536,0.10681632363076723,0.0,15.0,15.0,388,16,0.014523215166634703,18:39,30,C: 2nd guard 07-10,1.0,1.0
2.851334137362963,2.8513341373629766,3,0.07242859046299364,0.0,0,4.591312569536812,9.142823784587332,122.91795151182158,0.14768186378959178,0.0,12.0,12.0,407,21,0.026863263747841006,18:60,1,A: 1 guard,1.0,1.2
1.954071946116352,1.559142196164414,3,0.06208164896828025,0.0,0,2.8271303867475823,4.98967313255514,118.39665510467059,0.13605712160836225,0.0,14.0,14.0,407,21,0.03003463296987215,18:60,1,B: 2nd guard 07-09,1.0,1.2
1.7820462832344104,1.2781922571686093,3,0.057942872370394916,0.0,0,2.4888963539313975,3.827482496219866,118.39665510467059,0.1324751420367649,0.0,15.0,15.0,407,21,0.03199590780089193,18:60,1,C: 2nd guard 07-10,1.0,1.2
3.929974214861873,3.929974214861826,5,0.07411432781541948,0.0,0,5.951624824504432,9.532839380267037,127.87709449283507,0.1438587111517549,0.0,12.0,12.0,380,24,0.03456921763072903,18:34,2,A: 1 guard,1.0,1.2
2.775319882863909,2.0906069257471853,6,0.06352656669893096,0.0,0,3.9840524202029686,6.899315217960368,105.23362830057367,0.1332816375303345,0.0,14.0,14.0,380,24,0.034989609628093235,18:34,2,B: 2nd guard 07-09,1.0,1.2
2.632779519606242,1.7084709700526906,6,0.05929146225233556,0.0,0,3.74115852765627,4.836794299149471,105.23362830057367,0.13216750051471865,0.0,15.0,15.0,380,24,0.034849919374312956,18:34,2,C: 2nd guard 07-10,1.0,1.2
3.3122094093715044,3.3122094093715266,3,0.0704976488357243,0.0,0,4.234926720111726,11.855186004636927,90.4756408907433,0.14638837852044626,0.0,12.0,12.0,403,20,0.030898620184646418,18:56,3,A: 1 guard,1.0,1.2
2.046966175706384,1.4940721959789371,3,0.06042655614490655,0.0,0,1.8959678982445525,5.282525419146012,82.95503294028357,0.13791244135261546,0.0,14.0,14.0,403,20,0.027571478112499336,18:56,3,B: 2nd guard 07-09,1.0,1.2
2.020263503946662,1.4673695242192153,3,0.05639811906857946,0.0,0,1.8466047022850667,5.282525419146012,82.95503294028357,0.13741325578935426,0.0,15.0,15.0,403,20,0.027821562362816844,18:56,3,C: 2nd guard 07-10,1.0,1.2
3.321155831919711,3.32115583191978,3,0.0672040941398056,0.0,0,3.5453353607745446,9.550102277378643,113.88922730006718,0.14079989848586782,0.0,12.0,12.0,396,19,0.03044392845926465,18:53,4,A: 1 guard,1.0,1.2
2.601513518554804,2.170141513075278,3,0.05760350926269052,0.0,0,2.1686283265112465,5.4578020858610286,113.88922730006718,0.1334773084567489,0.0,14.0,14.0,396,19,0.03116979728253861,18:53,4,B: 2nd guard 07-09,1.0,1.2
2.380429886951156,1.763414842847639,3,0.05376327531184449,0.0,0,1.7456857269216575,4.669823532163506,113.88922730006718,0.1314326933492092,0.0,15.0,15.0,396,19,0.031187812433711517,18:53,4,C: 2nd guard 07-10,1.0,1.2
4.03521374135654,4.03521374135652,4,0.06679714746228563,0.0,0,5.893995035752362,13.23084941359778,61.82082212356878,0.1434553102431169,0.0,12.0,12.0,417,19,0.03895102153114974,18:41,5,A: 1 guard,1.0,1.2
2.882381719141531,2.0264674120530715,4,0.05725469782481625,0.0,0,3.7947332311075646,9.289648104290244,60.32261976560592,0.13532283978542323,0.0,14.0,14.0,417,19,0.03595546066329575,18:41,5,B: 2nd guard 07-09,1.0,1.2
2.7314835332279994,1.6516318639627172,4,0.053437717969828505,0.0,0,3.5199535650554137,8.134037213984826,58.63780286557275,0.13416598155830586,0.0,15.0,15.0,417,19,0.03565573223471999,18:41,5,C: 2nd guard 07-10,1.0,1.2
4.473427698334837,4.473427698334823,3,0.07810138015134853,0.0,0,7.195882814391386,13.509286669012758,85.71821806576276,0.150078792447857,0.0,12.0,12.0,402,30,0.041627729970615715,18:56,6,A: 1 guard,1.0,1.2
3.1507767154154083,2.1539250055656294,3,0.0669440401297273,0.0,0,4.768002927936543,9.64833948517328,85.71821806576276,0.14071713033891392,0.0,14.0,14.0,402,30,0.03868138987739187,18:56,6,B: 2nd guard 07-09,1.0,1.2
2.921276082616604,1.4975692121869801,3,0.06248110412107881,0.0,0,4.346727793757917,8.010999143287863,85.71821806576276,0.13895883383961646,0.0,15.0,15.0,402,30,0.038304055488144896,18:56,6,C: 2nd guard 07-10,1.0,1.2
3.962262006995401,3.9622620069955294,3,0.06729989651187615,0.0,0,5.997818786689828,10.616019428595218,100.85503650886608,0.13007436714675158,0.0,12.0,12.0,344,21,0.0315513456112607,18:54,7,A: 1 guard,1.0,1.2
3.1774269515550406,2.496272185307267,3,0.05768562558160816,0.0,0,4.463822996510942,8.038488352891637,100.85503650886608,0.12218957484596339,0.0,14.0,14.0,344,21,0.033186525433542315,18:54,7,B: 2nd guard 07-09,1.0,1.2
3.0060511799260308,1.9742633849673936,3,0.053839917209500945,0.0,0,4.12886126105424,6.7690617443653665,91.70036815648132,0.12139281453923192,0.0,15.0,15.0,344,21,0.032618626818042784,18:54,7,C: 2nd guard 07-10,1.0,1.2
4.289656504322547,4.289656504322577,5,0.06546295506529907,0.0,0,7.303982781431616,13.081407574785512,107.4148526903918,0.14065228509928607,0.0,12.0,12.0,406,16,0.04031482733229089,18:57,8,A: 1 guard,1.0,1.2
2.83961928510916,2.1567659640753383,6,0.05611110434168489,0.0,0,4.5400620725084435,7.507292620119651,96.52994540792525,0.12839448584538046,0.0,14.0,14.0,406,16,0.03894496197970031,18:57,8,B: 2nd guard 07-09,1.0,1.2
2.7447178516903543,1.916819950507423,6,0.05237036405223922,0.0,0,4.3591701383862125,7.278157833448699,96.52994540792525,0.12764388986087516,0.0,15.0,15.0,406,16,0.038803660233464064,18:57,8,C: 2nd guard 07-10,1.0,1.2
4.380337165830636,4.380337165830715,4,0.08220286747850171,0.0,0,6.578515979833668,13.83507483195899,68.19980845873779,0.1593548112810669,0.0,12.0,12.0,433,29,0.043904768351960645,18:40,9,A: 1 guard,1.0,1.2
2.8485984521096905,1.9385401867655063,4,0.07045960069585866,0.0,0,3.7917812611732913,9.34970563994503,68.19980845873779,0.14708931436311654,0.0,14.0,14.0,433,29,0.04081742121803207,18:40,9,B: 2nd guard 07-09,1.0,1.2
2.7347735886148086,1.721950337176885,4,0.06576229398280142,0.0,0,3.584696530529242,8.779776170165643,68.19980845873779,0.1448156556219678,0.0,15.0,15.0,433,29,0.041950196489428875,18:40,9,C: 2nd guard 07-10,1.0,1.2
2.841641279228983,2.8416412792289423,2,0.06739665299594144,0.0,0,4.342257611467956,9.605332475882362,81.20059162350286,0.14388727401868756,0.0,12.0,12.0,404,15,0.026574608259455845,18:46,10,A: 1 guard,1.0,1.2
2.216364625272519,1.2653916075361011,2,0.057768559710806966,0.0,0,3.121910905195436,6.791193341366181,77.61142922165475,0.13915910840879459,0.0,14.0,14.0,404,15,0.02545527923512634,18:46,10,B: 2nd guard 07-09,1.0,1.2
2.0957352387758323,0.796647174122938,2,0.053917322396753155,0.0,0,2.8864796387961054,6.044414457795516,77.61142922165475,0.1380718908876118,0.0,15.0,15.0,404,15,0.02541438860481232,18:46,10,C: 2nd guard 07-10,1.0,1.2
2.9833062036587417,2.983306203658738,3,0.07062548729351106,0.0,0,4.496703841462081,10.453423280681575,69.11025772072342,0.14754386569598918,0.0,12.0,12.0,413,20,0.028520959771089326,18:46,11,A: 1 guard,1.0,1.2
2.096863549948893,1.369812682447714,2,0.06053613196586661,0.0,0,2.7450252960928596,5.010395129836581,61.64215257281981,0.14050694575248884,0.0,14.0,14.0,413,20,0.02708332378907656,18:46,11,B: 2nd guard 07-09,1.0,1.2
1.988877949080802,1.1362052105359575,2,0.05650038983480883,0.0,0,2.5316374819372545,4.711845509201467,61.64215257281981,0.13942116982513203,0.0,15.0,15.0,413,20,0.027136737374800893,18:46,11,C: 2nd guard 07-10,1.0,1.2
5.657912744257844,5.657912744257849,5,0.07857621012619552,0.0,0,8.927765473862836,20.093954251312233,88.85504548465899,0.15199287849066073,0.0,12.0,12.0,398,26,0.0521261405605237,18:52,12,A: 1 guard,1.0,1.2
3.575797569916486,2.855954148873,6,0.06735103725102477,0.0,0,5.126472632634116,12.431262319701434,74.39210962185328,0.13351480143895028,0.0,14.0,14.0,398,26,0.05142176762640404,18:52,12,B: 2nd guard 07-09,1.0,1.2
3.5201247567314473,2.7043934046328353,6,0.06286096810095645,0.0,0,5.02483144158987,11.749492125521812,74.39210962185328,0.13291988571509877,0.0,15.0,15.0,398,26,0.05150377178433782,18:52,12,C: 2nd guard 07-10,1.0,1.2
3.347645681580019,3.34764568158004,3,0.06797561761885434,0.0,0,5.367893470425762,11.74172994258782,92.33592023084832,0.14312391512914183,0.0,12.0,12.0,405,19,0.03138417826481288,18:44,13,A: 1 guard,1.0,1.2
2.1805820493884114,1.5438369350947003,3,0.058264815101875186,0.0,0,3.199724795941352,6.917410532609643,92.33592023084832,0.13359501458093415,0.0,14.0,14.0,405,19,0.02997185726122422,18:44,13,B: 2nd guard 07-09,1.0,1.2
2.075557187575538,1.059042555910924,3,0.0543804940950835,0.0,0,3.0046098003715644,6.705941889422576,83.78904587836949,0.1325383331672291,0.0,15.0,15.0,405,19,0.030043930595433598,18:44,13,C: 2nd guard 07-10,1.0,1.2
3.0376355655105973,3.0376355655106817,4,0.06451803054919375,0.0,0,4.959379570369249,10.551089957807655,68.55298034330124,0.13217849431941997,0.0,12.0,12.0,370,19,0.026016786093494264,18:54,14,A: 1 guard,1.0,1.2
2.2319402292100166,1.6354411688975041,4,0.05530116904216604,0.0,0,3.461353065689778,7.803414015418617,68.55298034330124,0.1261009139349162,0.0,14.0,14.0,370,19,0.025193735125423597,18:54,14,B: 2nd guard 07-09,1.0,1.2
2.0802361874522686,0.9942653746738437,4,0.051614424439354975,0.0,0,3.179290274481904,6.9882399860186,65.53558590376147,0.12490517140778673,0.0,15.0,15.0,370,19,0.025090160628239027,18:54,14,C: 2nd guard 07-10,1.0,1.2
4.636086909570157,4.636086909570034,4,0.06860063654736917,0.0,0,6.040837879379903,12.094519151118021,104.01991858850505,0.1371140886031893,0.0,12.0,12.0,370,23,0.03970722584585446,18:55,15,A: 1 guard,1.0,1.2
3.33329151132533,2.3395447297421086,4,0.05880054561203071,0.0,0,3.788341162788379,8.801113694072992,104.01991858850505,0.12910658147558576,0.0,14.0,14.0,370,23,0.036556531645898116,18:55,15,B: 2nd guard 07-09,1.0,1.2
3.0864031778325147,1.9326871656172198,4,0.05488050923789533,0.0,0,3.361478156282109,7.756867460821496,104.01991858850505,0.1273673206762629,0.0,15.0,15.0,370,23,0.03618123958891675,18:55,15,C: 2nd guard 07-10,1.0,1.2
4.94091958470441,4.940919584704449,6,0.07544200080669626,0.0,0,7.786173440243131,16.093162872437507,99.54551198036344,0.14708175970875928,0.0,12.0,12.0,391,23,0.04471989716711666,18:56,16,A: 1 guard,1.0,1.2
2.99559637208349,2.4019251837701514,4,0.06466457212002535,0.0,0,4.146836712325525,9.734134022213803,93.96069028787284,0.1338072831095841,0.0,14.0,14.0,391,23,0.04038739746687566,18:56,16,B: 2nd guard 07-09,1.0,1.2
2.9099674002974836,2.131031942027242,4,0.06035360064535701,0.0,0,3.9866408847258663,9.285748523607092,93.96069028787284,0.13296268657644603,0.0,15.0,15.0,391,23,0.04045697251926536,18:56,16,C: 2nd guard 07-10,1.0,1.2
3.4676797566933963,3.4676797566933963,4,0.06415987243457356,0.0,0,5.800315331401808,10.382107324325409,76.60890463390423,0.13279115244758435,0.0,12.0,12.0,367,18,0.029459223858946216,18:51,17,A: 1 guard,1.0,1.2
1.903243590956663,1.2055632914461127,3,0.054994176372491634,0.0,0,2.762494840262224,4.848436128444779,57.349069977475594,0.12456831553910756,0.0,14.0,14.0,367,18,0.024391596118687322,18:51,17,B: 2nd guard 07-09,1.0,1.2
1.7775635573141606,0.9852910693349971,3,0.05132789794765885,0.0,0,2.5184494839299583,4.038544537645636,57.349069977475594,0.12381276301760297,0.0,15.0,15.0,367,18,0.024079450206238254,18:51,17,C: 2nd guard 07-10,1.0,1.2
3.8094656178307567,3.809465617830706,4,0.06652283364923195,0.0,0,6.211718739224469,11.612507436379172,74.94300441058488,0.13876705499362546,0.0,12.0,12.0,395,17,0.034831919422294653,18:57,18,A: 1 guard,1.0,1.2
2.8122241280441678,1.8869357393141541,4,0.05701957169934168,0.0,0,4.35365086910323,8.773791596149149,72.53361097689452,0.13010610753603633,0.0,14.0,14.0,395,17,0.03437457085058511,18:57,18,B: 2nd guard 07-09,1.0,1.2
2.6671085028666757,1.459639085490572,4,0.05321826691938559,0.0,0,4.083270341060261,7.988846188654216,72.53361097689452,0.12908769414687865,0.0,15.0,15.0,395,17,0.034066116833605976,18:57,18,C: 2nd guard 07-10,1.0,1.2
3.3976356315728347,3.397635631572848,3,0.06386199147846447,0.0,0,4.969681213724516,10.776071389319908,92.17441986345665,0.1371403651050014,0.0,12.0,12.0,381,18,0.029965258695121646,18:58,19,A: 1 guard,1.0,1.2
2.6475858842238837,1.855303447175055,3,0.0547388498386838,0.0,0,3.399522127241271,6.718365912744191,92.17441986345665,0.13251519511128582,0.0,14.0,14.0,381,18,0.027975406611523576,18:58,19,B: 2nd guard 07-09,1.0,1.2
2.5133124365713306,1.5450370122610646,3,0.05108959318277158,0.0,0,3.1184332066059826,6.6356571890652125,92.17441986345665,0.13072973773436422,0.0,15.0,15.0,381,18,0.028576646776509455,18:58,19,C: 2nd guard 07-10,1.0,1.2
2.3216722993251167,2.321672299325258,3,0.06873542212270242,0.0,0,3.9251978039146325,8.194915413781821,68.73980694432007,0.1400545780083483,0.0,12.0,12.0,397,20,0.02133573849148443,18:54,20,A: 1 guard,1.0,1.2
1.5706646205153794,0.8821824694270374,3,0.05891607610517353,0.0,0,2.48485940542446,4.4127665300845536,57.092004105861044,0.13451407987501557,0.0,14.0,14.0,397,20,0.019974615132051766,18:54,20,B: 2nd guard 07-09,1.0,1.2
1.4176322313801175,0.5676372403791413,3,0.054988337698161985,0.0,0,2.191362504522533,3.4369997632984624,45.81100773061278,0.13185906075368647,0.0,15.0,15.0,397,20,0.02122329493655911,18:54,20,C: 2nd guard 07-10,1.0,1.2
7.93428474962506,7.934284749625079,7,0.08551217356269551,0.0,0,13.590161252071818,29.27652671595527,114.8013226780297,0.15893967105659323,0.0,12.0,12.0,421,32,0.07732254350907773,18:60,21,A: 1 guard,1.0,1.2
4.253441104178942,3.1973059945452005,7,0.07329614876802476,0.0,0,6.702893808814861,11.097007956388987,84.5269921172215,0.14153729181029925,0.0,14.0,14.0,421,32,0.058853738155075074,18:60,21,B: 2nd guard 07-09,1.0,1.2
4.166155367792124,3.0648987966209327,7,0.06840973885015644,0.0,0,6.539572497619966,10.3038696983246,84.5269921172215,0.14073599799202396,0.0,15.0,15.0,421,32,0.05880440014421028,18:60,21,C: 2nd guard 07-10,1.0,1.2
5.01820934030726,5.018209340307269,5,0.06469051114067678,0.0,0,7.6089777048752385,11.757635145562476,108.8931558143932,0.13828330335268854,0.0,12.0,12.0,389,16,0.04518711651341499,18:51,22,A: 1 guard,1.0,1.2
3.6605168795998386,2.4797008981163695,5,0.05544900954915153,0.0,0,5.19736872215749,6.641232562347872,102.46274940234287,0.1280913702302831,0.0,14.0,14.0,389,16,0.043153531876209586,18:51,22,B: 2nd guard 07-09,1.0,1.2
3.5607617492973898,2.294707983116209,5,0.05175240891254142,0.0,0,5.020178102579167,5.171577105440426,102.46274940234287,0.12595081400635402,0.0,15.0,15.0,389,16,0.04439583009810969,18:51,22,C: 2nd guard 07-10,1.0,1.2
5.716335886953948,5.716335886953964,6,0.07087054940150181,0.0,0,10.160216462361596,12.484558291147925,158.82544233466712,0.14957622763472753,0.0,12.0,12.0,422,19,0.05584013296978178,18:51,23,A: 1 guard,1.0,1.2
4.332869142602724,3.6415957512163604,6,0.060746185201287245,0.0,0,7.38010709990342,8.308611726927898,143.94212992717976,0.14063524677301603,0.0,14.0,14.0,422,19,0.05126669331954378,18:51,23,B: 2nd guard 07-09,1.0,1.2
3.852659048588025,3.031289640083661,7,0.056696439521201424,0.0,0,6.415113482407218,8.002685602541574,143.94212992717976,0.13692707948179594,0.0,15.0,15.0,422,19,0.05028391941460179,18:51,23,C: 2nd guard 07-10,1.0,1.2
3.1970290061640902,3.197029006164151,6,0.06296963607245992,0.0,0,5.223213778649367,8.802879320112847,84.41880714747023,0.1268076710759483,0.0,12.0,12.0,353,19,0.026123871277220958,18:55,24,A: 1 guard,1.0,1.2
2.236379512685784,1.7032108736232885,6,0.0539739737763942,0.0,0,3.438428140765986,3.887021600063573,76.4893784227163,0.11662467935448746,0.0,14.0,14.0,353,19,0.028457111350583573,18:55,24,B: 2nd guard 07-09,1.0,1.2
2.0927795651495646,1.5365687910674803,6,0.05037570885796792,0.0,0,3.1716345540276416,3.6473679175768123,76.4893784227163,0.11332881366869574,0.0,15.0,15.0,353,19,0.03057957931692425,18:55,24,C: 2nd guard 07-10,1.0,1.2
5.610329909462898,5.610329909462817,5,0.07952642608618833,0.0,0,9.358128520733318,13.658861776397378,107.50313666337877,0.1552523343103605,0.0,12.0,12.0,412,26,0.05350592413654354,18:60,25,A: 1 guard,1.0,1.2
3.5267634802742056,2.3103370773287373,5,0.06816550807387568,0.0,0,5.59308742939235,9.631760254741446,84.7655943106354,0.14184706782888798,0.0,14.0,14.0,412,26,0.047040140413716465,18:60,25,B: 2nd guard 07-09,1.0,1.2
3.3655509079259986,1.7205001794040218,5,0.06362114086895064,0.0,0,5.301773482868397,8.665200528498088,81.79420994719284,0.13936410487212164,0.0,15.0,15.0,412,26,0.04798561309716197,18:60,25,C: 2nd guard 07-10,1.0,1.2
3.1478011340807828,3.1478011340806757,3,0.06684887059590243,0.0,0,4.684056099309009,10.960179597311132,58.927942039983265,0.1422040222377101,0.0,12.0,12.0,408,20,0.029729232932984153,18:56,26,A: 1 guard,1.0,1.2
2.273955672780783,1.80578533839565,3,0.05729903193934494,0.0,0,3.09240900908401,7.612581159373173,58.927942039983265,0.1356043416637193,0.0,14.0,14.0,408,20,0.02807592859469717,18:56,26,B: 2nd guard 07-09,1.0,1.2
1.9002995879727274,1.0176967308073208,3,0.053479096476721937,0.0,0,2.4118211403264795,5.520486090488495,55.45787369686174,0.133504210400367,0.0,15.0,15.0,408,20,0.026647085723751154,18:56,26,C: 2nd guard 07-10,1.0,1.2
3.6857171452278115,3.6857171452277893,4,0.06670968676848334,0.0,0,6.1692691271761015,10.455187419051152,65.89979459711282,0.14263808213177628,0.0,12.0,12.0,415,18,0.03540677350160955,18:47,27,A: 1 guard,1.0,1.2
2.5088255811978826,1.695062004552711,4,0.05717973151584286,0.0,0,3.9592691313732926,6.688409161118325,65.89979459711282,0.13424230050291563,0.0,14.0,14.0,415,18,0.03249676811490493,18:47,27,B: 2nd guard 07-09,1.0,1.2
2.4034680207788477,1.4636315698303242,4,0.053367749414786655,0.0,0,3.761425748685964,6.368842968628513,60.22875808970576,0.13277974296905976,0.0,15.0,15.0,415,18,0.03294721019566128,18:47,27,C: 2nd guard 07-10,1.0,1.2
3.7276028557373437,3.727602855737418,4,0.0660280290360715,0.0,0,6.120169080332147,12.535526651889214,80.06689433368834,0.13503251909863057,0.0,12.0,12.0,372,19,0.03209880236884999,18:57,28,A: 1 guard,1.0,1.2
2.5982262448162294,1.820952532819071,3,0.05659545345948982,0.0,0,3.9320018966724866,5.830614406350055,80.06689433368834,0.12683378376963583,0.0,14.0,14.0,372,19,0.030572350214912912,18:57,28,B: 2nd guard 07-09,1.0,1.2
2.3973710166584863,1.3599505208420344,3,0.05282242322885717,0.0,0,3.54284489211686,5.448485621755135,80.06689433368834,0.12535716372605846,0.0,15.0,15.0,372,19,0.030319383571576382,18:57,28,C: 2nd guard 07-10,1.0,1.2
2.4431335912765046,2.4431335912764136,3,0.055832657483904195,0.0,0,4.09678000971167,8.037365111482492,58.781845789807214,0.12675364050447624,0.0,12.0,12.0,376,11,0.021264310887035454,18:58,29,A: 1 guard,1.0,1.2
1.6123824242674767,0.9715329962675402,3,0.04785656355763221,0.0,0,2.5427380256549816,4.3190356157871,52.022380528173706,0.11857544365575469,0.0,14.0,14.0,376,11,0.022211895726604338,18:58,29,B: 2nd guard 07-09,1.0,1.2
1.5131559666294636,0.8031131626912767,3,0.044666125987123384,0.0,0,2.3801459334552635,3.3962461076153376,52.022380528173706,0.11766552864369226,0.0,15.0,15.0,376,11,0.022258173051817397,18:58,29,C: 2nd guard 07-10,1.0,1.2
2.3835880155977804,2.383588015597828,2,0.06389955370763313,0.0,0,3.4002296688690445,7.964812234978584,63.80305871175908,0.13501481282565808,0.0,12.0,12.0,388,16,0.021408151621573085,18:39,30,A: 1 guard,1.0,1.2
1.7596284902241597,1.3324492297464734,2,0.05477104603511411,0.0,0,2.236305169614406,5.274494487162483,63.80305871175908,0.12860220049773927,0.0,14.0,14.0,388,16,0.022216683027154762,18:39,30,B: 2nd guard 07-09,1.0,1.2
1.5195641660567734,0.8601297033782487,2,0.0511196429661065,0.0,0,1.7884928726098581,3.7603279657493047,63.80305871175908,0.1268819063839978,0.0,15.0,15.0,388,16,0.021780843859022493,18:39,30,C: 2nd guard 07-10,1.0,1.2
