activity_scale,quantity,measure,target,recommended_n,target_met,n,mean,sd,se,t,half_width,ci_low,ci_high
0.8,A: 1 guard,avg_delay_sec,1.0,30,True,30,1.5388851845990323,0.4006671824956845,0.07315148463497514,2.045229642132703,0.14961158474146613,1.3892735998575663,1.6884967693404984
0.8,B: 2nd guard 07-09,avg_delay_sec,1.0,30,True,30,1.1050793763617424,0.30696398813459796,0.05604370021435582,2.045229642132703,0.11462223693319944,0.990457139428543,1.2197016132949419
0.8,C: 2nd guard 07-10,avg_delay_sec,1.0,30,True,30,1.0435583518813951,0.29336121876078236,0.05356018567082941,2.045229642132703,0.10954287937211156,0.9340154725092835,1.1531012312535067
0.8,B: 2nd guard 07-09 minus A: 1 guard,avg_delay_sec,1.0,30,True,30,-0.43380580823728987,0.15077093583548676,0.02752688085775337,2.045229642132703,0.05629879268573247,-0.4901046009230223,-0.3775070155515574
0.8,C: 2nd guard 07-10 minus A: 1 guard,avg_delay_sec,1.0,30,True,30,-0.4953268327176373,0.1481722003027812,0.02705241883366902,2.045229642132703,0.05532840889000889,-0.5506552416076461,-0.4399984238276284
0.8,C: 2nd guard 07-10 minus B: 2nd guard 07-09,avg_delay_sec,1.0,30,True,30,-0.06152102448034734,0.03885738680230427,0.007094355759108528,2.045229642132703,0.014509586690363615,-0.07603061117071096,-0.04701143778998372
0.8,A: 1 guard,max_queue_veh,1.0,30,True,30,3.1,0.8847364696279086,0.16153004062089663,2.045229642132703,0.33036602717275737,2.7696339728272426,3.4303660271727576
0.8,B: 2nd guard 07-09,max_queue_veh,1.0,30,True,30,3.3,0.9878573120474015,0.18035724446826057,2.045229642132703,0.368871982559861,2.931128017440139,3.668871982559861
0.8,C: 2nd guard 07-10,max_queue_veh,1.0,30,True,30,3.3,0.9878573120474015,0.18035724446826057,2.045229642132703,0.368871982559861,2.931128017440139,3.668871982559861
0.8,B: 2nd guard 07-09 minus A: 1 guard,max_queue_veh,1.0,30,True,30,0.2,0.4068381021724863,0.07427813527082075,2.045229642132703,0.15191584401822522,0.04808415598177479,0.35191584401822523
0.8,C: 2nd guard 07-10 minus A: 1 guard,max_queue_veh,1.0,30,True,30,0.2,0.4068381021724863,0.07427813527082075,2.045229642132703,0.15191584401822522,0.04808415598177479,0.35191584401822523
0.8,C: 2nd guard 07-10 minus B: 2nd guard 07-09,max_queue_veh,1.0,30,True,30,0.0,0.0,0.0,2.045229642132703,0.0,0.0,0.0
0.8,A: 1 guard,guard_utilization,0.01,30,True,30,0.04629803905336679,0.004271488207751597,0.0007798634818342876,2.045229642132703,0.0015949999098643038,0.04470303914350249,0.04789303896323109
0.8,B: 2nd guard 07-09,guard_utilization,0.01,30,True,30,0.03968403347431439,0.003661275606644219,0.0006684544130008168,2.045229642132703,0.0013671427798836865,0.0383168906944307,0.041051176254198074
0.8,C: 2nd guard 07-10,guard_utilization,0.01,30,True,30,0.037038413876833105,0.0034171982425958824,0.0006238921869789252,2.045229642132703,0.0012760027943042966,0.03576241108252881,0.0383144166711374
0.8,B: 2nd guard 07-09 minus A: 1 guard,guard_utilization,0.01,30,True,30,-0.0066140055790524,0.0006102126011073775,0.00011140906883347085,2.045229642132703,0.00022785712998061726,-0.006841862709033017,-0.006386148449071783
0.8,C: 2nd guard 07-10 minus A: 1 guard,guard_utilization,0.01,30,True,30,-0.009259625176533679,0.0008542899717315452,0.00015597129605593934,2.045229642132703,0.0003189971180154627,-0.009578622294549142,-0.008940628058518215
0.8,C: 2nd guard 07-10 minus B: 2nd guard 07-09,guard_utilization,0.01,30,True,30,-0.0026456195974812785,0.00024407738377627184,4.456222962370318e-05,2.045229642132703,9.11399929459218e-05,-0.0027367595904272003,-0.002554479604535357
0.8,A: 1 guard,spillover_min,1.0,30,True,30,0.0,0.0,0.0,2.045229642132703,0.0,0.0,0.0
0.8,B: 2nd guard 07-09,spillover_min,1.0,30,True,30,0.0,0.0,0.0,2.045229642132703,0.0,0.0,0.0
0.8,C: 2nd guard 07-10,spillover_min,1.0,30,True,30,0.0,0.0,0.0,2.045229642132703,0.0,0.0,0.0
0.8,B: 2nd guard 07-09 minus A: 1 guard,spillover_min,1.0,30,True,30,0.0,0.0,0.0,2.045229642132703,0.0,0.0,0.0
0.8,C: 2nd guard 07-10 minus A: 1 guard,spillover_min,1.0,30,True,30,0.0,0.0,0.0,2.045229642132703,0.0,0.0,0.0
0.8,C: 2nd guard 07-10 minus B: 2nd guard 07-09,spillover_min,1.0,30,True,30,0.0,0.0,0.0,2.045229642132703,0.0,0.0,0.0
0.8,A: 1 guard,avg_delay_morning_sec,1.0,30,True,30,2.353037226671553,0.7340645766918914,0.13402124243987665,2.045229642132703,0.27410421771348914,2.0789330089580638,2.6271414443850425
0.8,B: 2nd guard 07-09,avg_delay_morning_sec,1.0,30,True,30,1.5421093866120792,0.5689315416374846,0.10387221301034666,2.045229642132703,0.21244252904268318,1.329666857569396,1.7545519156547624
0.8,C: 2nd guard 07-10,avg_delay_morning_sec,1.0,30,True,30,1.4254662773347,0.5297419435871549,0.09671720405310463,2.045229642132703,0.1978088926336068,1.2276573847010932,1.6232751699683068
0.8,B: 2nd guard 07-09 minus A: 1 guard,avg_delay_morning_sec,1.0,30,True,30,-0.810927840059474,0.272968434932043,0.049836989766387035,2.045229642132703,0.10192808874487894,-0.912855928804353,-0.7089997513145951
0.8,C: 2nd guard 07-10 minus A: 1 guard,avg_delay_morning_sec,1.0,30,True,30,-0.9275709493368534,0.27169509668168157,0.04960451107203467,2.045229642132703,0.10145261642802517,-1.0290235657648785,-0.8261183329088282
0.8,C: 2nd guard 07-10 minus B: 2nd guard 07-09,avg_delay_morning_sec,1.0,30,True,30,-0.11664310927737943,0.07737063369920767,0.01412588045517514,2.045229642132703,0.028890669428147192,-0.14553377870552664,-0.08775243984923224
0.8,A: 1 guard,avg_initial_wait_sec,1.0,30,True,30,1.5388851845990363,0.40066718249568634,0.07315148463497548,2.045229642132703,0.14961158474146682,1.3892735998575696,1.688496769340503
0.8,B: 2nd guard 07-09,avg_initial_wait_sec,1.0,30,True,30,0.7243043058587774,0.24804643952343006,0.04528687674527454,2.045229642132703,0.09262206271904568,0.6316822431397316,0.8169263685778231
0.8,C: 2nd guard 07-10,avg_initial_wait_sec,1.0,30,True,30,0.5611933831854993,0.22864414334361394,0.04174451831691401,2.045229642132703,0.08537712625830411,0.47581625692719515,0.6465705094438033
0.8,B: 2nd guard 07-09 minus A: 1 guard,avg_initial_wait_sec,1.0,30,True,30,-0.8145808787402588,0.23324729573794947,0.0425849351175845,2.045229642132703,0.08709597161078173,-0.9016768503510405,-0.727484907129477
0.8,C: 2nd guard 07-10 minus A: 1 guard,avg_initial_wait_sec,1.0,30,True,30,-0.9776918014135368,0.2380966439051645,0.04347030091104451,2.045229642132703,0.08890674797569648,-1.0665985493892334,-0.8887850534378403
0.8,C: 2nd guard 07-10 minus B: 2nd guard 07-09,avg_initial_wait_sec,1.0,30,True,30,-0.163110922673278,0.0974862041205111,0.017798464347452334,2.045229642132703,0.03640194686785161,-0.19951286954112962,-0.1267089758054264
1.0,A: 1 guard,avg_delay_sec,1.0,30,True,30,2.568604356508627,0.7035729418438046,0.12845425703270738,2.045229642132703,0.26271845414142636,2.305885902367201,2.8313228106500534
1.0,B: 2nd guard 07-09,avg_delay_sec,1.0,30,True,30,1.7991779685002491,0.4825258358356336,0.08809676162207039,2.045229642132703,0.18017810824535707,1.618999860254892,1.9793560767456062
1.0,C: 2nd guard 07-10,avg_delay_sec,1.0,30,True,30,1.6964835797087336,0.4633242170551734,0.08459104170651276,2.045229642132703,0.17300810595704363,1.52347547375169,1.8694916856657773
1.0,B: 2nd guard 07-09 minus A: 1 guard,avg_delay_sec,1.0,30,True,30,-0.7694263880083773,0.3078482572658924,0.05620514493106097,2.045229642132703,0.11495242845337053,-0.8843788164617478,-0.6544739595550068
1.0,C: 2nd guard 07-10 minus A: 1 guard,avg_delay_sec,1.0,30,True,30,-0.8721207767998924,0.3002223721719259,0.05481285516875835,2.045229642132703,0.11210487616107132,-0.9842256529609638,-0.7600159006388211
1.0,C: 2nd guard 07-10 minus B: 2nd guard 07-09,avg_delay_sec,1.0,30,True,30,-0.10269438879151518,0.06299783853749663,0.011501779080351722,2.045229642132703,0.02352377951239716,-0.12621816830391236,-0.07917060927911802
1.0,A: 1 guard,max_queue_veh,1.0,30,True,30,3.5,1.0747894741730137,0.19622881319122526,2.045229642132703,0.40133298537921464,3.0986670146207853,3.9013329853792147
1.0,B: 2nd guard 07-09,max_queue_veh,1.0,30,True,30,3.566666666666667,1.072648457158112,0.19583791875287057,2.045229642132703,0.40053351648694685,3.16613315017972,3.9672001831536137
1.0,C: 2nd guard 07-10,max_queue_veh,1.0,30,True,30,3.6,1.1325893433586842,0.20678157724917173,2.045229642132703,0.42291581123695937,3.1770841887630406,4.02291581123696
1.0,B: 2nd guard 07-09 minus A: 1 guard,max_queue_veh,1.0,30,True,30,0.06666666666666667,0.3651483716701107,0.06666666666666667,2.045229642132703,0.13634864280884687,-0.0696819761421802,0.20301530947551355
1.0,C: 2nd guard 07-10 minus A: 1 guard,max_queue_veh,1.0,30,True,30,0.1,0.40257789993644877,0.07350033231608352,2.045229642132703,0.15032505835945825,-0.05032505835945825,0.2503250583594583
1.0,C: 2nd guard 07-10 minus B: 2nd guard 07-09,max_queue_veh,1.0,30,True,30,0.03333333333333333,0.18257418583505533,0.033333333333333326,2.045229642132703,0.06817432140442342,-0.03484098807109009,0.10150765473775675
1.0,A: 1 guard,guard_utilization,0.01,30,True,30,0.05787254881670848,0.005339360259689497,0.0009748293522928597,2.045229642132703,0.00199374988733038,0.0558787989293781,0.05986629870403886
1.0,B: 2nd guard 07-09,guard_utilization,0.01,30,True,30,0.04960504184289298,0.0045765945083052805,0.0008355680162510221,2.045229642132703,0.0017089284748546105,0.04789611336803837,0.05131397031774759
1.0,C: 2nd guard 07-10,guard_utilization,0.01,30,True,30,0.04629798094992691,0.004271513899139568,0.0007798681724185294,2.045229642132703,0.0015950095031862339,0.04470297144674067,0.04789299045311315
1.0,B: 2nd guard 07-09 minus A: 1 guard,guard_utilization,0.01,30,True,30,-0.008267506973815496,0.0007627657513842164,0.00013926133604183757,2.045229642132703,0.0002848214124757695,-0.008552328386291266,-0.007982685561339726
1.0,C: 2nd guard 07-10 minus A: 1 guard,guard_utilization,0.01,30,True,30,-0.011574567866781566,0.001067846419441969,0.0001949611906264965,2.045229642132703,0.00039874040613479514,-0.011973308272916362,-0.01117582746064677
1.0,C: 2nd guard 07-10 minus B: 2nd guard 07-09,guard_utilization,0.01,30,True,30,-0.0033070608929660693,0.00030508078585241423,5.569987609092341e-05,2.045229642132703,0.00011391903764427518,-0.0034209799306103446,-0.003193141855321794
1.0,A: 1 guard,spillover_min,1.0,30,True,30,0.0,0.0,0.0,2.045229642132703,0.0,0.0,0.0
1.0,B: 2nd guard 07-09,spillover_min,1.0,30,True,30,0.0,0.0,0.0,2.045229642132703,0.0,0.0,0.0
1.0,C: 2nd guard 07-10,spillover_min,1.0,30,True,30,0.0,0.0,0.0,2.045229642132703,0.0,0.0,0.0
1.0,B: 2nd guard 07-09 minus A: 1 guard,spillover_min,1.0,30,True,30,0.0,0.0,0.0,2.045229642132703,0.0,0.0,0.0
1.0,C: 2nd guard 07-10 minus A: 1 guard,spillover_min,1.0,30,True,30,0.0,0.0,0.0,2.045229642132703,0.0,0.0,0.0
1.0,C: 2nd guard 07-10 minus B: 2nd guard 07-09,spillover_min,1.0,30,True,30,0.0,0.0,0.0,2.045229642132703,0.0,0.0,0.0
1.0,A: 1 guard,avg_delay_morning_sec,1.0,30,True,30,3.97839286889787,1.274424622939284,0.2326770379412872,2.045229642132703,0.47587797504115614,3.5025148938567137,4.454270843939026
1.0,B: 2nd guard 07-09,avg_delay_morning_sec,1.0,30,True,30,2.5408911358656767,0.8834771217722679,0.1613001162114699,2.045229642132703,0.329895778955148,2.2109953569105287,2.8707869148208247
1.0,C: 2nd guard 07-10,avg_delay_morning_sec,1.0,30,True,30,2.3466509852081097,0.8329666389207606,0.1520782059287204,2.045229642132703,0.3110348546877803,2.0356161305203293,2.65768583989589
1.0,B: 2nd guard 07-09 minus A: 1 guard,avg_delay_morning_sec,1.0,30,True,30,-1.4375017330321929,0.5606609168250527,0.1023622104188697,2.045229642132703,0.20935422698289732,-1.6468559600150903,-1.2281475060492955
1.0,C: 2nd guard 07-10 minus A: 1 guard,avg_delay_morning_sec,1.0,30,True,30,-1.6317418836897606,0.5500545154802933,0.1004257553287104,2.045229642132703,0.20539373163184477,-1.8371356153216054,-1.4263481520579158
1.0,C: 2nd guard 07-10 minus B: 2nd guard 07-09,avg_delay_morning_sec,1.0,30,True,30,-0.1942401506575673,0.12529687769188108,0.0228759754322697,2.045229642132703,0.04678662304677746,-0.24102677370434478,-0.14745352761078984
1.0,A: 1 guard,avg_initial_wait_sec,1.0,30,True,30,2.568604356508627,0.7035729418437947,0.12845425703270558,2.045229642132703,0.2627184541414227,2.3058859023672045,2.83132281065005
1.0,B: 2nd guard 07-09,avg_initial_wait_sec,1.0,30,True,30,1.2529877012097956,0.400684058414781,0.0731545657421644,2.045229642132703,0.1496178863132202,1.1033698148965754,1.402605587523016
1.0,C: 2nd guard 07-10,avg_initial_wait_sec,1.0,30,True,30,1.003743894478774,0.39163612915341706,0.07150264742377771,2.045229642132703,0.14623933400207373,0.8575045604767002,1.1499832284808478
1.0,B: 2nd guard 07-09 minus A: 1 guard,avg_initial_wait_sec,1.0,30,True,30,-1.315616655298831,0.4057063928922403,0.07407151437037787,2.045229642132703,0.1514932568279553,-1.4671099121267863,-1.1641233984708759
1.0,C: 2nd guard 07-10 minus A: 1 guard,avg_initial_wait_sec,1.0,30,True,30,-1.564860462029853,0.40046833872341103,0.07311518089514395,2.045229642132703,0.1495373352566431,-1.714397797286496,-1.4153231267732098
1.0,C: 2nd guard 07-10 minus B: 2nd guard 07-09,avg_initial_wait_sec,1.0,30,True,30,-0.2492438067310218,0.13731820811841575,0.025070760047548445,2.045229642132703,0.05127546160004237,-0.3005192683310642,-0.19796834513097944
1.2,A: 1 guard,avg_delay_sec,1.0,30,True,30,3.928706787290745,1.2100312358769816,0.22092046772522575,2.045229642132703,0.45183308914545284,3.476873698145292,4.380539876436198
1.2,B: 2nd guard 07-09,avg_delay_sec,1.0,30,True,30,2.6867939103361853,0.7182999842883555,0.13114303481677958,2.045229642132703,0.26821762216651873,2.4185762881696666,2.955011532502704
1.2,C: 2nd guard 07-10,avg_delay_sec,1.0,30,True,30,2.5286035150847272,0.7039516771728616,0.12852340432705692,2.045229642132703,0.2628598762375033,2.265743638847224,2.7914633913222304
1.2,B: 2nd guard 07-09 minus A: 1 guard,avg_delay_sec,1.0,30,True,30,-1.24191287695456,0.6095991414018337,0.11129706692718858,2.045229642132703,0.22762806036191338,-1.4695409373164734,-1.0142848165926466
1.2,C: 2nd guard 07-10 minus A: 1 guard,avg_delay_sec,1.0,30,True,30,-1.400103272206017,0.5948840322346428,0.10861046785151475,2.045229642132703,0.22213334829581896,-1.622236620501836,-1.177969923910198
1.2,C: 2nd guard 07-10 minus B: 2nd guard 07-09,avg_delay_sec,1.0,30,True,30,-0.15819039525145698,0.09074665859959957,0.01656799731107362,2.045229642132703,0.033885359211382686,-0.19207575446283967,-0.12430503604007428
1.2,A: 1 guard,max_queue_veh,1.0,30,True,30,3.966666666666667,1.2452207485597393,0.2273451643532126,2.045229642132703,0.4649730691307215,3.501693597535945,4.431639735797388
1.2,B: 2nd guard 07-09,max_queue_veh,1.0,30,True,30,3.9,1.373392477244478,0.2507460133649004,2.045229642132703,0.5128331791804972,3.3871668208195027,4.412833179180497
1.2,C: 2nd guard 07-10,max_queue_veh,1.0,30,True,30,3.933333333333333,1.4367908045682762,0.2623209113593472,2.045229642132703,0.5365065036634021,3.396826829669931,4.469839836996735
1.2,B: 2nd guard 07-09 minus A: 1 guard,max_queue_veh,1.0,30,True,30,-0.06666666666666667,0.5832922809856748,0.10649411330483191,2.045229642132703,0.2178049172436809,-0.28447158391034755,0.15113825057701424
1.2,C: 2nd guard 07-10 minus A: 1 guard,max_queue_veh,1.0,30,True,30,-0.03333333333333333,0.6149478998583782,0.11227361214762055,2.045229642132703,0.22962531959362387,-0.2629586529269572,0.19629198626029054
1.2,C: 2nd guard 07-10 minus B: 2nd guard 07-09,max_queue_veh,1.0,30,True,30,0.03333333333333333,0.18257418583505533,0.033333333333333326,2.045229642132703,0.06817432140442342,-0.03484098807109009,0.10150765473775675
1.2,A: 1 guard,guard_utilization,0.01,30,True,30,0.06944705858005018,0.006407232311627384,0.0011697952227514294,2.045229642132703,0.0023924998647964517,0.06705455871525373,0.07183955844484663
1.2,B: 2nd guard 07-09,guard_utilization,0.01,30,True,30,0.05952605021147157,0.0054919134099663345,0.0010026816195012262,2.045229642132703,0.002050714169825532,0.05747533604164604,0.061576764381297104
1.2,C: 2nd guard 07-10,guard_utilization,0.01,30,True,30,0.05555764686404015,0.005125785849301913,0.0009358361782011447,2.045229642132703,0.0019139998918371636,0.05364364697220298,0.05747164675587731
1.2,B: 2nd guard 07-09 minus A: 1 guard,guard_utilization,0.01,30,True,30,-0.009921008368578595,0.0009153189016610507,0.00016711360325020344,2.045229642132703,0.0003417856949709201,-0.010262794063549515,-0.009579222673607675
1.2,C: 2nd guard 07-10 minus A: 1 guard,guard_utilization,0.01,30,True,30,-0.013889411716010032,0.001281446462325471,0.00023395904455028482,2.045229642132703,0.00047849997295928813,-0.01436791168896932,-0.013410911743050744
1.2,C: 2nd guard 07-10 minus B: 2nd guard 07-09,guard_utilization,0.01,30,True,30,-0.0039684033474314375,0.0003661275606644205,6.684544130008141e-05,2.045229642132703,0.0001367142779883681,-0.0041051176254198055,-0.0038316890694430695
1.2,A: 1 guard,spillover_min,1.0,30,True,30,0.0,0.0,0.0,2.045229642132703,0.0,0.0,0.0
1.2,B: 2nd guard 07-09,spillover_min,1.0,30,True,30,0.0,0.0,0.0,2.045229642132703,0.0,0.0,0.0
1.2,C: 2nd guard 07-10,spillover_min,1.0,30,True,30,0.0,0.0,0.0,2.045229642132703,0.0,0.0,0.0
1.2,B: 2nd guard 07-09 minus A: 1 guard,spillover_min,1.0,30,True,30,0.0,0.0,0.0,2.045229642132703,0.0,0.0,0.0
1.2,C: 2nd guard 07-10 minus A: 1 guard,spillover_min,1.0,30,True,30,0.0,0.0,0.0,2.045229642132703,0.0,0.0,0.0
1.2,C: 2nd guard 07-10 minus B: 2nd guard 07-09,spillover_min,1.0,30,True,30,0.0,0.0,0.0,2.045229642132703,0.0,0.0,0.0
1.2,A: 1 guard,avg_delay_morning_sec,1.0,30,True,30,6.151084031753067,2.1906359337492045,0.3999535720652773,2.045229642132703,0.8179969010647633,5.333087130688304,6.96908093281783
1.2,B: 2nd guard 07-09,avg_delay_morning_sec,1.0,30,True,30,3.829966058902502,1.2795216686713604,0.2336076269159851,2.045229642132703,0.4777812431968502,3.3521848157056517,4.307747302099353
1.2,C: 2nd guard 07-10,avg_delay_morning_sec,1.0,30,True,30,3.5327080173525887,1.2451680300339247,0.22733553931128359,2.045229642132703,0.46495338370966155,3.0677546336429273,3.99766140106225
1.2,B: 2nd guard 07-09 minus A: 1 guard,avg_delay_morning_sec,1.0,30,True,30,-2.3211179728505655,1.1232527584550145,0.20507695786190439,2.045229642132703,0.4194294731375661,-2.7405474459881316,-1.9016884997129995
1.2,C: 2nd guard 07-10 minus A: 1 guard,avg_delay_morning_sec,1.0,30,True,30,-2.6183760144004795,1.0989101341081198,0.20063262304068147,2.045229642132703,0.41033978782163844,-3.028715802222118,-2.208036226578841
1.2,C: 2nd guard 07-10 minus B: 2nd guard 07-09,avg_delay_morning_sec,1.0,30,True,30,-0.2972580415499137,0.17668632121180808,0.03225836124343694,2.045229642132703,0.06597575662170198,-0.36323379817161566,-0.23128228492821173
1.2,A: 1 guard,avg_initial_wait_sec,1.0,30,True,30,3.928706787290754,1.210031235876974,0.22092046772522436,2.045229642132703,0.45183308914545,3.476873698145304,4.380539876436204
1.2,B: 2nd guard 07-09,avg_initial_wait_sec,1.0,30,True,30,1.9428585895022557,0.6186526856992678,0.11295001040621422,2.045229642132703,0.23100870936198659,1.711849880140269,2.1738672988642422
1.2,C: 2nd guard 07-10,avg_initial_wait_sec,1.0,30,True,30,1.5814682218639267,0.6244988353687836,0.11401736642239595,2.045229642132703,0.23319169752499014,1.3482765243389365,1.8146599193889168
1.2,B: 2nd guard 07-09 minus A: 1 guard,avg_initial_wait_sec,1.0,30,True,30,-1.9858481977884987,0.732818587907482,0.13379375705200347,2.045229642132703,0.2736389578550589,-2.2594871556435576,-1.7122092399334399
1.2,C: 2nd guard 07-10 minus A: 1 guard,avg_initial_wait_sec,1.0,30,True,30,-2.347238565426827,0.7091637487643734,0.12947499405439122,2.045229642132703,0.2648060957549964,-2.6120446611818235,-2.0824324696718306
1.2,C: 2nd guard 07-10 minus B: 2nd guard 07-09,avg_initial_wait_sec,1.0,30,True,30,-0.36139036763832905,0.18274107190704172,0.03336380242205345,2.045229642132703,0.06823663768784259,-0.42962700532617165,-0.29315372995048644
