interval_start,t_start_min,count,source,rate_per_min,mean_service_min,rho_1_booth,rho_2_booths
07:00,0.0,17,gate log,1.1333333333333333,0.4918369711781396,0.5574152340018915,0.27870761700094576
07:15,15.0,31,gate log,2.066666666666667,0.4918369711781396,1.0164630737681553,0.5082315368840776
07:30,30.0,42,gate log,2.8,0.4918369711781396,1.3771435192987909,0.6885717596493954
07:45,45.0,38,gate log,2.533333333333333,0.4918369711781396,1.245986993651287,0.6229934968256435
08:00,60.0,29,gate log,1.9333333333333333,0.4918369711781396,0.9508848109444032,0.4754424054722016
08:15,75.0,19,gate log,1.2666666666666666,0.4918369711781396,0.6229934968256435,0.31149674841282177
08:30,90.0,25,gate log,1.6666666666666667,0.4918369711781396,0.8197282852968995,0.4098641426484497
08:45,105.0,19,gate log,1.2666666666666666,0.4918369711781396,0.6229934968256435,0.31149674841282177
09:00,120.0,14,gate log,0.9333333333333333,0.4918369711781396,0.4590478397662637,0.4590478397662637
09:15,135.0,10,gate log,0.6666666666666666,0.4918369711781396,0.3278913141187597,0.3278913141187597
09:30,150.0,7,gate log,0.4666666666666667,0.4918369711781396,0.22952391988313184,0.22952391988313184
09:45,165.0,11,gate log,0.7333333333333333,0.4918369711781396,0.3606804455306357,0.3606804455306357
10:00,180.0,14,gate log,0.9333333333333333,0.4918369711781396,0.4590478397662637,0.4590478397662637
10:15,195.0,4,gate log,0.26666666666666666,0.4918369711781396,0.1311565256475039,0.1311565256475039
10:30,210.0,5,gate log,0.3333333333333333,0.4918369711781396,0.16394565705937986,0.16394565705937986
10:45,225.0,7,gate log,0.4666666666666667,0.4918369711781396,0.22952391988313184,0.22952391988313184
11:00,240.0,5,gate log,0.3333333333333333,0.4918369711781396,0.16394565705937986,0.16394565705937986
11:15,255.0,8,gate log,0.5333333333333333,0.4918369711781396,0.2623130512950078,0.2623130512950078
11:30,270.0,10,gate log,0.6666666666666666,0.4918369711781396,0.3278913141187597,0.3278913141187597
11:45,285.0,7,gate log,0.4666666666666667,0.4918369711781396,0.22952391988313184,0.22952391988313184
12:00,300.0,9,gate log,0.6,0.4918369711781396,0.29510218270688376,0.29510218270688376
12:15,315.0,11,gate log,0.7333333333333333,0.4918369711781396,0.3606804455306357,0.3606804455306357
12:30,330.0,11,gate log,0.7333333333333333,0.4918369711781396,0.3606804455306357,0.3606804455306357
12:45,345.0,8,gate log,0.5333333333333333,0.4918369711781396,0.2623130512950078,0.2623130512950078
13:00,360.0,4,gate log,0.26666666666666666,0.4918369711781396,0.1311565256475039,0.1311565256475039
13:15,375.0,10,gate log,0.6666666666666666,0.4918369711781396,0.3278913141187597,0.3278913141187597
13:30,390.0,4,gate log,0.26666666666666666,0.4918369711781396,0.1311565256475039,0.1311565256475039
13:45,405.0,8,gate log,0.5333333333333333,0.4918369711781396,0.2623130512950078,0.2623130512950078
14:00,420.0,8,gate log,0.5333333333333333,0.4918369711781396,0.2623130512950078,0.2623130512950078
14:15,435.0,10,gate log,0.6666666666666666,0.4918369711781396,0.3278913141187597,0.3278913141187597
14:30,450.0,4,gate log,0.26666666666666666,0.4918369711781396,0.1311565256475039,0.1311565256475039
14:45,465.0,7,gate log,0.4666666666666667,0.4918369711781396,0.22952391988313184,0.22952391988313184
15:00,480.0,4,gate log,0.26666666666666666,0.4918369711781396,0.1311565256475039,0.1311565256475039
15:15,495.0,6,gate log,0.4,0.4918369711781396,0.19673478847125586,0.19673478847125586
15:30,510.0,3,gate log,0.2,0.4918369711781396,0.09836739423562793,0.09836739423562793
15:45,525.0,2,gate log,0.13333333333333333,0.4918369711781396,0.06557826282375195,0.06557826282375195
16:00,540.0,2,gate log,0.13333333333333333,0.4918369711781396,0.06557826282375195,0.06557826282375195
16:15,555.0,3,gate log,0.2,0.4918369711781396,0.09836739423562793,0.09836739423562793
16:30,570.0,5,gate log,0.3333333333333333,0.4918369711781396,0.16394565705937986,0.16394565705937986
16:45,585.0,2,gate log,0.13333333333333333,0.4918369711781396,0.06557826282375195,0.06557826282375195
17:00,600.0,1,gate log,0.06666666666666667,0.4918369711781396,0.03278913141187598,0.03278913141187598
17:15,615.0,0,gate log,0.0,0.4918369711781396,0.0,0.0
17:30,630.0,3,gate log,0.2,0.4918369711781396,0.09836739423562793,0.09836739423562793
17:45,645.0,2,gate log,0.13333333333333333,0.4918369711781396,0.06557826282375195,0.06557826282375195
18:00,660.0,3,gate log,0.2,0.4918369711781396,0.09836739423562793,0.09836739423562793
18:15,675.0,1,gate log,0.06666666666666667,0.4918369711781396,0.03278913141187598,0.03278913141187598
18:30,690.0,0,gate log,0.0,0.4918369711781396,0.0,0.0
18:45,705.0,0,gate log,0.0,0.4918369711781396,0.0,0.0
