arrival_scale,service_scale,configuration,measure,mean,ci_low,ci_high,demand
0.8,1.0,1 booth all day,avg_wait_min,0.7303482228594732,0.5913226653166404,0.8693737804023061,low (-20%)
0.8,1.0,1 booth all day,spillover_min,19.207421187136347,14.368282056818856,24.04656031745384,low (-20%)
0.8,1.0,1 booth all day,max_queue_veh,11.133333333333333,9.427142629380532,12.839524037286134,low (-20%)
0.8,1.0,1 booth all day,utilization,0.24557221433123771,0.23977907627895795,0.2513653523835175,low (-20%)
0.8,1.0,2 booths 07:00-09:00,avg_wait_min,0.07299203774499956,0.0676039140102084,0.07838016147979071,low (-20%)
0.8,1.0,2 booths 07:00-09:00,spillover_min,0.0,0.0,0.0,low (-20%)
0.8,1.0,2 booths 07:00-09:00,max_queue_veh,3.433333333333333,3.199557822703039,3.6671088439636272,low (-20%)
0.8,1.0,2 booths 07:00-09:00,utilization,0.2104624763350066,0.20549277462941845,0.21543217804059472,low (-20%)
0.8,1.0,2 booths 07:00-10:00,avg_wait_min,0.06046097087033744,0.055161406949356596,0.06576053479131827,low (-20%)
0.8,1.0,2 booths 07:00-10:00,spillover_min,0.0,0.0,0.0,low (-20%)
0.8,1.0,2 booths 07:00-10:00,max_queue_veh,3.3666666666666667,3.1169792675885835,3.61635406574475,low (-20%)
0.8,1.0,2 booths 07:00-10:00,utilization,0.19645192224886446,0.19181775210990182,0.2010860923878271,low (-20%)
1.0,1.0,1 booth all day,avg_wait_min,2.720262761545377,2.320174615638894,3.12035090745186,expected
1.0,1.0,1 booth all day,spillover_min,71.18920854864135,64.83583998263265,77.54257711465004,expected
1.0,1.0,1 booth all day,max_queue_veh,26.8,24.197401808707994,29.402598191292007,expected
1.0,1.0,1 booth all day,utilization,0.30810058965142145,0.3014415208093188,0.3147596584935241,expected
1.0,1.0,2 booths 07:00-09:00,avg_wait_min,0.11252409688389158,0.10169442314501775,0.1233537706227654,expected
1.0,1.0,2 booths 07:00-09:00,spillover_min,0.3338527433965358,0.03125592649970094,0.6364495602933706,expected
1.0,1.0,2 booths 07:00-09:00,max_queue_veh,4.633333333333334,4.223309058786908,5.043357607879759,expected
1.0,1.0,2 booths 07:00-09:00,utilization,0.26406145099122164,0.2583561984472026,0.2697667035352407,expected
1.0,1.0,2 booths 07:00-10:00,avg_wait_min,0.0985010313141333,0.08771258183402571,0.1092894807942409,expected
1.0,1.0,2 booths 07:00-10:00,spillover_min,0.3305568044343848,0.027562747966952184,0.6335508609018174,expected
1.0,1.0,2 booths 07:00-10:00,max_queue_veh,4.633333333333334,4.223309058786908,5.043357607879759,expected
1.0,1.0,2 booths 07:00-10:00,utilization,0.24644969400819478,0.24113062937267649,0.25176875864371306,expected
1.2,1.0,1 booth all day,avg_wait_min,6.949737502692404,6.202686657182138,7.69678834820267,high (+20%)
1.2,1.0,1 booth all day,spillover_min,121.40225652564287,115.61876207228143,127.18575097900431,high (+20%)
1.2,1.0,1 booth all day,max_queue_veh,49.666666666666664,45.81555091397992,53.51778241935341,high (+20%)
1.2,1.0,1 booth all day,utilization,0.36991856459456024,0.3624986328126627,0.3773384963764578,high (+20%)
1.2,1.0,2 booths 07:00-09:00,avg_wait_min,0.17170902727770365,0.14744315007383504,0.19597490448157226,high (+20%)
1.2,1.0,2 booths 07:00-09:00,spillover_min,2.072039852090991,0.6400914170778105,3.503988287104171,high (+20%)
1.2,1.0,2 booths 07:00-09:00,max_queue_veh,6.3,5.467056357613507,7.1329436423864925,high (+20%)
1.2,1.0,2 booths 07:00-09:00,utilization,0.31702883008344873,0.3106721504210269,0.32338550974587055,high (+20%)
1.2,1.0,2 booths 07:00-10:00,avg_wait_min,0.1531367392087236,0.12909803954814184,0.17717543886930534,high (+20%)
1.2,1.0,2 booths 07:00-10:00,spillover_min,2.011011958383686,0.5828094109721873,3.439214505795185,high (+20%)
1.2,1.0,2 booths 07:00-10:00,max_queue_veh,6.3,5.467056357613507,7.1329436423864925,high (+20%)
1.2,1.0,2 booths 07:00-10:00,utilization,0.29591387638376754,0.2899817877028736,0.3018459650646615,high (+20%)
