arrival_scale,service_scale,comparison,measure,mean_A,mean_B,diff,diff_ci_low,diff_ci_high,demand
0.8,1.0,2 booths 07:00-09:00 - 2 booths 07:00-10:00,avg_wait_min,0.07299203774499956,0.06046097087033744,0.01253106687466212,0.010035671151266013,0.015026462598058225,low (-20%)
0.8,1.0,2 booths 07:00-09:00 - 2 booths 07:00-10:00,spillover_min,0.0,0.0,0.0,0.0,0.0,low (-20%)
0.8,1.0,2 booths 07:00-09:00 - 2 booths 07:00-10:00,max_queue_veh,3.433333333333333,3.3666666666666667,0.06666666666666667,-0.028069506656465057,0.16140283998979837,low (-20%)
0.8,1.0,2 booths 07:00-09:00 - 2 booths 07:00-10:00,utilization,0.2104624763350066,0.19645192224886446,0.014010554086142085,0.01367436017903719,0.01434674799324698,low (-20%)
1.0,1.0,2 booths 07:00-09:00 - 2 booths 07:00-10:00,avg_wait_min,0.11252409688389158,0.0985010313141333,0.014023065569758285,0.010469709543119552,0.017576421596397017,expected
1.0,1.0,2 booths 07:00-09:00 - 2 booths 07:00-10:00,spillover_min,0.3338527433965358,0.3305568044343848,0.0032959389621510125,-0.0034450131019003365,0.010036891026202362,expected
1.0,1.0,2 booths 07:00-09:00 - 2 booths 07:00-10:00,max_queue_veh,4.633333333333334,4.633333333333334,0.0,0.0,0.0,expected
1.0,1.0,2 booths 07:00-09:00 - 2 booths 07:00-10:00,utilization,0.26406145099122164,0.24644969400819478,0.017611756983026885,0.017224492630487493,0.017999021335566277,expected
1.2,1.0,2 booths 07:00-09:00 - 2 booths 07:00-10:00,avg_wait_min,0.17170902727770365,0.1531367392087236,0.01857228806898004,0.014442841339564954,0.022701734798395126,high (+20%)
1.2,1.0,2 booths 07:00-09:00 - 2 booths 07:00-10:00,spillover_min,2.072039852090991,2.011011958383686,0.06102789370730477,-0.06201252583371339,0.18406831324832293,high (+20%)
1.2,1.0,2 booths 07:00-09:00 - 2 booths 07:00-10:00,max_queue_veh,6.3,6.3,0.0,0.0,0.0,high (+20%)
1.2,1.0,2 booths 07:00-09:00 - 2 booths 07:00-10:00,utilization,0.31702883008344873,0.29591387638376754,0.021114953699681176,0.020688793517414636,0.021541113881947717,high (+20%)
