h_min,method,x_at_0800,abs_error
15.0,euler,39.043550665468885,11.614386422078713
15.0,rk4,28.5625176352837,1.1333533918935288
7.5,euler,29.139455676197926,1.7102914328077539
7.5,rk4,27.979026990819705,0.5498627474295326
5.0,euler,31.90125444429173,4.472090200901558
5.0,rk4,27.685006672012957,0.2558424286227847
2.5,euler,28.072387166086468,0.643222922696296
2.5,rk4,27.418553990025583,0.01061025336458954
1.25,euler,27.707610882491633,0.2784466391014604
1.25,rk4,27.42067691707093,0.008487326319240651
0.625,euler,27.560011991928047,0.1308477485378745
0.625,rk4,27.424379171235238,0.004785072154934511
