interval_start,"1 booth all day | fluid (stochastic, RK4)",1 booth all day | fluid (deterministic),1 booth all day | DES mean,"2 booths 07:00-09:00 | fluid (stochastic, RK4)",2 booths 07:00-09:00 | fluid (deterministic),2 booths 07:00-09:00 | DES mean,"2 booths 07:00-10:00 | fluid (stochastic, RK4)",2 booths 07:00-10:00 | fluid (deterministic),2 booths 07:00-10:00 | DES mean
07:00,0.35898390930269736,1.1622438721299126e-05,0.33380624416538623,0.025428827696697846,0.0,0.028716945782415113,0.025428827696697846,0.0,0.028716945782415113
07:15,3.2690956690465724,0.25269399865624664,2.721311760669954,0.19377521115519336,0.0,0.16210095630883362,0.19377521115519336,0.0,0.16210095630883362
07:30,11.89036923868594,6.284991684749703,10.176606466904136,0.663767313797275,0.0,0.608398923884406,0.663767313797275,0.0,0.608398923884406
07:45,22.36926324804185,15.775854185657979,18.865614715542687,0.4792037730642123,0.0,0.4909408670450653,0.4792037730642123,0.0,0.4909408670450653
08:00,26.022479931527673,18.752920390270013,21.168412218622713,0.17534330324020056,0.0,0.1777960505550012,0.17534330324020056,0.0,0.1777960505550012
08:15,20.216190361087026,12.22760233562279,14.489300332788812,0.04263892835368102,0.0,0.04157337147853548,0.04263892835368102,0.0,0.04157337147853548
08:30,12.811464278614595,3.746080577271815,7.837278809728479,0.09298943473392952,0.0,0.1014643261507689,0.09298943473392952,0.0,0.1014643261507689
08:45,6.116151939209552,0.04198014092495964,4.056901995880539,0.04207646252136976,0.0,0.049397743709724856,0.04060758706068571,0.0,0.049397743709724856
09:00,0.47469362644971713,0.0,0.7115357026233802,0.2242784476187152,0.0,0.15536601731981234,0.015462842156556095,0.0,0.011977690330084305
09:15,0.09958551898046068,0.0,0.10270575671321674,0.09958442243720904,0.0,0.10116239335638978,0.005494776203284358,0.0,0.005128210677372825
09:30,0.04177244953808281,0.0,0.03823126207082845,0.041772449538069314,0.0,0.03823126207082845,0.001864481043206235,0.0,0.0021825164858751125
09:45,0.11302376304994258,0.0,0.151516067252475,0.11302376304994258,0.0,0.151516067252475,0.007389037512819297,0.0,0.010395949214863484
10:00,0.21705657802893732,0.0,0.14323280383158826,0.21705657802893732,0.0,0.14323280383158826,0.2134861390161283,0.0,0.14130149558680433
10:15,0.018298067652794292,0.0,0.021070439569570883,0.018298067652794292,0.0,0.021070439569570883,0.018298062884435733,0.0,0.021070439569570883
10:30,0.01831608897764944,0.0,0.01532401423765331,0.01831608897764944,0.0,0.01532401423765331,0.01831608897764944,0.0,0.01532401423765331
10:45,0.038572786840098794,0.0,0.027446786497976636,0.038572786840098794,0.0,0.027446786497976636,0.038572786840098794,0.0,0.027446786497976636
11:00,0.019370411864128034,0.0,0.010985594285285425,0.019370411864128034,0.0,0.010985594285285425,0.019370411864128034,0.0,0.010985594285285425
11:15,0.052207624146743674,0.0,0.059491716242906056,0.052207624146743674,0.0,0.059491716242906056,0.052207624146743674,0.0,0.059491716242906056
11:30,0.0903911257380275,0.0,0.08668442390432005,0.0903911257380275,0.0,0.08668442390432005,0.0903911257380275,0.0,0.08668442390432005
11:45,0.041758960575162,0.0,0.04219360362856554,0.041758960575162,0.0,0.04219360362856554,0.041758960575162,0.0,0.04219360362856554
12:00,0.06984252751664573,0.0,0.13536875378155058,0.06984252751664573,0.0,0.13536875378155058,0.06984252751664573,0.0,0.13536875378155058
12:15,0.11498893180834131,0.0,0.11588266571482007,0.11498893180834131,0.0,0.11588266571482007,0.11498893180834131,0.0,0.11588266571482007
12:30,0.11766967934466227,0.0,0.10422251965336371,0.11766967934466227,0.0,0.10422251965336371,0.11766967934466227,0.0,0.10422251965336371
12:45,0.056782886466261166,0.0,0.05021485193952811,0.056782886466261166,0.0,0.05021485193952811,0.056782886466261166,0.0,0.05021485193952811
13:00,0.012837520568462098,0.0,0.014037482856379284,0.012837520568462098,0.0,0.014037482856379284,0.012837520568462098,0.0,0.014037482856379284
13:15,0.0876369797764219,0.0,0.06737464963137528,0.0876369797764219,0.0,0.06737464963137528,0.0876369797764219,0.0,0.06737464963137528
13:30,0.014005642832595509,0.0,0.019725939843281266,0.014005642832595509,0.0,0.019725939843281266,0.014005642832595509,0.0,0.019725939843281266
13:45,0.05176432810187067,0.0,0.03863374659310618,0.05176432810187067,0.0,0.03863374659310618,0.05176432810187067,0.0,0.03863374659310618
14:00,0.053968899652611355,0.0,0.04128546001063506,0.053968899652611355,0.0,0.04128546001063506,0.053968899652611355,0.0,0.04128546001063506
14:15,0.09036315830968865,0.0,0.09417080600604487,0.09036315830968865,0.0,0.09417080600604487,0.09036315830968865,0.0,0.09417080600604487
14:30,0.014001746824164671,0.0,0.019041719357607133,0.014001746824164671,0.0,0.019041719357607133,0.014001746824164671,0.0,0.019041719357607133
14:45,0.03818858800516363,0.0,0.05265330998057568,0.03818858800516363,0.0,0.05265330998057568,0.03818858800516363,0.0,0.05265330998057568
15:00,0.012379764709811265,0.0,0.008264722734732634,0.012379764709811265,0.0,0.008264722734732634,0.012379764709811265,0.0,0.008264722734732634
15:15,0.027130230667759624,0.0,0.023115145305754366,0.027130230667759624,0.0,0.023115145305754366,0.027130230667759624,0.0,0.023115145305754366
15:30,0.006853958038926996,0.0,0.010842287336946456,0.006853958038926996,0.0,0.010842287336946456,0.006853958038926996,0.0,0.010842287336946456
15:45,0.0027692731583705424,0.0,0.0034030602617973376,0.0027692731583705424,0.0,0.0034030602617973376,0.0027692731583705424,0.0,0.0034030602617973376
16:00,0.002663966233738733,0.0,0.0027469637003787284,0.002663966233738733,0.0,0.0027469637003787284,0.002663966233738733,0.0,0.0027469637003787284
16:15,0.006077724516510018,0.0,0.010295507278209345,0.006077724516510018,0.0,0.010295507278209345,0.006077724516510018,0.0,0.010295507278209345
16:30,0.018052523895182682,0.0,0.022200987993918113,0.018052523895182682,0.0,0.022200987993918113,0.018052523895182682,0.0,0.022200987993918113
16:45,0.003088445925520186,0.0,0.0047669582641848745,0.003088445925520186,0.0,0.0047669582641848745,0.003088445925520186,0.0,0.0047669582641848745
17:00,0.0006960457157222058,0.0,0.00012764640111602907,0.0006960457157222058,0.0,0.00012764640111602907,0.0006960457157222058,0.0,0.00012764640111602907
17:15,1.0065105687760646e-05,0.0,0.0,1.0065105687760646e-05,0.0,0.0,1.0065105687760646e-05,0.0,0.0
17:30,0.005887309838456191,0.0,0.004901374558597682,0.005887309838456191,0.0,0.004901374558597682,0.005887309838456191,0.0,0.004901374558597682
17:45,0.002771103449102732,0.0,0.0026770859631046226,0.002771103449102732,0.0,0.0026770859631046226,0.002771103449102732,0.0,0.0026770859631046226
18:00,0.006066848618348484,0.0,0.004618904398764446,0.006066848618348484,0.0,0.004618904398764446,0.006066848618348484,0.0,0.004618904398764446
18:15,0.0007768094758802957,0.0,0.0037312324768971747,0.0007768094758802957,0.0,0.0037312324768971747,0.0007768094758802957,0.0,0.0037312324768971747
18:30,9.730806805993835e-06,0.0,0.0,9.730806805993835e-06,0.0,0.0,9.730806805993835e-06,0.0,0.0
18:45,3.2869204384208823e-32,0.0,0.0,3.2869204384208823e-32,0.0,0.0,3.2869204384208823e-32,0.0,0.0
