demand,configuration,n,spillover_min_mean,spillover_min_ci_low,spillover_min_ci_high,max_queue_mean,max_queue_ci_low,max_queue_ci_high,morning_delay_sec_mean,spillover_days,p_spillover_day,p_spillover_ci_low,p_spillover_ci_high
1.0,A: 1 guard,30,0.0,0.0,0.0,3.5,3.0986670146207853,3.9013329853792147,3.97839286889787,0,0.0,0.0,0.11351339317396876
1.0,B: 2nd guard 07-09,30,0.0,0.0,0.0,3.566666666666667,3.16613315017972,3.9672001831536137,2.5408911358656767,0,0.0,0.0,0.11351339317396876
1.5,A: 1 guard,30,0.06380338271343611,-0.029469565339232978,0.1570763307661052,5.266666666666667,4.654797957536788,5.878535375796545,7.296530143010544,3,0.1,0.03459988874733419,0.25621082579184085
1.5,B: 2nd guard 07-09,30,0.01059093408240983,-0.006651020045872235,0.027832888210691895,5.2,4.69615214568139,5.70384785431861,4.254555453578167,2,0.06666666666666667,0.018477023791270378,0.2132345836261692
2.0,A: 1 guard,30,0.8277385505146472,0.05239319465840242,1.603083906370892,7.5,6.6988329399253885,8.301167060074611,12.50922313210577,11,0.36666666666666664,0.21873920806100708,0.5448643634520511
2.0,B: 2nd guard 07-09,30,0.24870236709839175,-0.007302574771101716,0.5047073089678852,6.833333333333333,6.105540865352443,7.5611258013142235,6.501761945746152,8,0.26666666666666666,0.14182663319596317,0.4444796169518888
2.5,A: 1 guard,30,6.415417423639309,3.2487948708393377,9.58203997643928,11.766666666666667,10.09190405384567,13.441429279487664,25.70111843560057,25,0.8333333333333334,0.6643564949358398,0.9266345762815145
2.5,B: 2nd guard 07-09,30,1.1416012021107216,0.2725664031106887,2.0106360011107545,9.0,8.095919893985137,9.904080106014863,9.749593007511733,22,0.7333333333333333,0.555520383048111,0.8581733668040368
3.0,A: 1 guard,30,36.55103283159136,29.647036307039336,43.45502935614338,23.533333333333335,20.227151405275695,26.839515261390975,75.5395951233383,30,1.0,0.8864866068260312,0.9999999999999999
3.0,B: 2nd guard 07-09,30,4.172873663462284,2.399228897050331,5.946518429874238,11.766666666666667,10.587142881447768,12.946190451885567,15.165533932322829,29,0.9666666666666667,0.8332960900859082,0.9940914096183874
3.5,A: 1 guard,30,107.04776690964646,96.29672430048112,117.7988095188118,55.4,48.43999919035546,62.36000080964454,300.78680769559855,30,1.0,0.8864866068260312,0.9999999999999999
3.5,B: 2nd guard 07-09,30,12.564741082244195,8.881625889985589,16.2478562745028,16.9,14.60161904451453,19.198380955485465,26.123599301848717,30,1.0,0.8864866068260312,0.9999999999999999
4.0,A: 1 guard,30,166.98514020194963,161.14306291353654,172.82721749036273,108.36666666666666,98.96787342970386,117.76545990362946,806.2619668109352,30,1.0,0.8864866068260312,0.9999999999999999
4.0,B: 2nd guard 07-09,30,34.76897050053415,28.467737787170634,41.07020321389767,26.766666666666666,22.541280857056748,30.992052476276584,54.093714900065805,30,1.0,0.8864866068260312,0.9999999999999999
4.5,A: 1 guard,30,216.8262014170047,211.04319263412734,222.60921019988209,183.63333333333333,174.4184532580935,192.84821340857314,1442.9434893556981,30,1.0,0.8864866068260312,0.9999999999999999
4.5,B: 2nd guard 07-09,30,80.67904941174488,72.0366880164312,89.32141080705857,47.166666666666664,40.47972063856768,53.85361269476565,132.3598297283122,30,1.0,0.8864866068260312,0.9999999999999999
5.0,A: 1 guard,30,268.2299399904606,262.5282039582419,273.9316760226793,268.93333333333334,259.2694807531216,278.59718591354505,2109.8906153968533,30,1.0,0.8864866068260312,0.9999999999999999
5.0,B: 2nd guard 07-09,30,161.57872640819974,153.52217873182013,169.63527408457935,81.16666666666667,72.75332904638132,89.58000428695202,416.6746600546502,30,1.0,0.8864866068260312,0.9999999999999999
