demand,config,initial_wait_sec,total_delay_sec,effective_guard_hours
0.8,A: 1 guard,0.30002259999423603,0.30002259999423786,12.0
0.8,B: 2nd guard 07-09,0.10963566339637751,0.20770618651464795,14.000177029389347
0.8,C: 2nd guard 07-10,0.08714019608048458,0.19429523906859594,15.0
1.0,A: 1 guard,0.43604977427509606,0.43604977427511205,12.0
1.0,B: 2nd guard 07-09,0.16963868679183017,0.31002936714792967,14.0
1.0,C: 2nd guard 07-10,0.10229822465507281,0.2910028893017394,15.0
1.2,A: 1 guard,0.5822828361695128,0.582282836169527,12.0
1.2,B: 2nd guard 07-09,0.2508150455471506,0.43862079041659985,14.0
1.2,C: 2nd guard 07-10,0.16313651479550023,0.40504895347131703,15.0
