interval_start,1 booth all day | mean,1 booth all day | p05,1 booth all day | p95,2 booths 07:00-09:00 | mean,2 booths 07:00-09:00 | p05,2 booths 07:00-09:00 | p95
07:00,0.33380624416538623,0.028237394490610256,1.0895957336827669,0.028716945782415113,0.0,0.11160088089340131
07:15,2.721311760669954,0.23154262937110975,5.449426193604276,0.16210095630883362,0.022308377450511684,0.38717626151570605
07:30,10.176606466904136,4.487632633401819,21.054834595601335,0.608398923884406,0.19443118764028622,1.3082304535210574
07:45,18.865614715542687,10.666908461643697,28.260817209765847,0.4909408670450653,0.1275308412191694,1.2815940385142597
08:00,21.168412218622713,10.51362221682516,31.539198723156105,0.1777960505550012,0.01338878790217225,0.5774383362531519
08:15,14.489300332788812,1.7554274764370181,28.473064339530264,0.04157337147853548,0.0,0.11310100106945147
08:30,7.837278809728479,0.3284948568472255,20.3789242277031,0.1014643261507689,0.010509907560060962,0.3137053373196499
08:45,4.056901995880539,0.2798991704519003,16.528481963923603,0.049397743709724856,0.0,0.1901168562918373
09:00,0.7115357026233802,0.03510904283347192,3.190921377993922,0.15536601731981234,0.026571114238356352,0.4063029820888216
09:15,0.10270575671321674,0.00829039806606403,0.3184150784795601,0.10116239335638978,0.00829039806606403,0.3184150784795601
09:30,0.03823126207082845,0.0,0.12696178121268323,0.03823126207082845,0.0,0.12696178121268323
09:45,0.151516067252475,0.0,0.5086674995799135,0.151516067252475,0.0,0.5086674995799135
10:00,0.14323280383158826,0.049998107511350254,0.3535176054087568,0.14323280383158826,0.049998107511350254,0.3535176054087568
10:15,0.021070439569570883,0.0,0.0855631465320408,0.021070439569570883,0.0,0.0855631465320408
10:30,0.01532401423765331,0.0,0.0660352869540141,0.01532401423765331,0.0,0.0660352869540141
10:45,0.027446786497976636,0.0,0.10473511984102338,0.027446786497976636,0.0,0.10473511984102338
11:00,0.010985594285285425,0.0,0.04704505124804616,0.010985594285285425,0.0,0.04704505124804616
11:15,0.059491716242906056,0.0,0.15512001599901998,0.059491716242906056,0.0,0.15512001599901998
11:30,0.08668442390432005,0.0003329793382829395,0.24836622218792942,0.08668442390432005,0.0003329793382829395,0.24836622218792942
11:45,0.04219360362856554,0.0,0.22623976316099745,0.04219360362856554,0.0,0.22623976316099745
12:00,0.13536875378155058,0.0,0.35615708167515164,0.13536875378155058,0.0,0.35615708167515164
12:15,0.11588266571482007,0.004885214251791013,0.2768153738127584,0.11588266571482007,0.004885214251791013,0.2768153738127584
12:30,0.10422251965336371,0.002738788836071536,0.2997432093906365,0.10422251965336371,0.002738788836071536,0.2997432093906365
12:45,0.05021485193952811,0.0,0.19340205798648782,0.05021485193952811,0.0,0.19340205798648782
13:00,0.014037482856379284,0.0,0.06152503016427809,0.014037482856379284,0.0,0.06152503016427809
13:15,0.06737464963137528,0.017325755721916872,0.15458856437143176,0.06737464963137528,0.017325755721916872,0.15458856437143176
13:30,0.019725939843281266,0.0,0.10748576343475796,0.019725939843281266,0.0,0.10748576343475796
13:45,0.03863374659310618,0.0,0.11684252478870699,0.03863374659310618,0.0,0.11684252478870699
14:00,0.04128546001063506,0.0,0.09156517263176353,0.04128546001063506,0.0,0.09156517263176353
14:15,0.09417080600604487,0.01960600636963477,0.22986110359195722,0.09417080600604487,0.01960600636963477,0.22986110359195722
14:30,0.019041719357607133,0.0,0.06715633161385157,0.019041719357607133,0.0,0.06715633161385157
14:45,0.05265330998057568,0.0,0.13446736330831147,0.05265330998057568,0.0,0.13446736330831147
15:00,0.008264722734732634,0.0,0.03280453510336845,0.008264722734732634,0.0,0.03280453510336845
15:15,0.023115145305754366,0.0,0.07140414746399355,0.023115145305754366,0.0,0.07140414746399355
15:30,0.010842287336946456,0.0,0.06155073869995045,0.010842287336946456,0.0,0.06155073869995045
15:45,0.0034030602617973376,0.0,0.022318178429849997,0.0034030602617973376,0.0,0.022318178429849997
16:00,0.0027469637003787284,0.0,0.01845461768353325,0.0027469637003787284,0.0,0.01845461768353325
16:15,0.010295507278209345,0.0,0.04710334617819359,0.010295507278209345,0.0,0.04710334617819359
16:30,0.022200987993918113,0.0,0.06321212408755628,0.022200987993918113,0.0,0.06321212408755628
16:45,0.0047669582641848745,0.0,0.01981223561114195,0.0047669582641848745,0.0,0.01981223561114195
17:00,0.00012764640111602907,0.0,0.0,0.00012764640111602907,0.0,0.0
17:15,0.0,0.0,0.0,0.0,0.0,0.0
17:30,0.004901374558597682,0.0,0.03208406896962742,0.004901374558597682,0.0,0.03208406896962742
17:45,0.0026770859631046226,0.0,0.01547442737916259,0.0026770859631046226,0.0,0.01547442737916259
18:00,0.004618904398764446,0.0,0.02580982576001699,0.004618904398764446,0.0,0.02580982576001699
18:15,0.0037312324768971747,0.0,0.012846852633311917,0.0037312324768971747,0.0,0.012846852633311917
18:30,0.0,0.0,0.0,0.0,0.0,0.0
18:45,0.0,0.0,0.0,0.0,0.0,0.0
