avg_delay_sec,avg_initial_wait_sec,max_queue_veh,guard_utilization,spillover_min,any_spillover,avg_delay_morning_sec,p90_delay_sec,max_delay_sec,stop_occupancy,spillover_morning_min,guard_hours,effective_guard_hours,n_vehicles,n_refused,time_avg_queue_Lq,last_departure_clock,seed,config,demand
0.14396909770411184,0.14396909770418345,1,0.009492485631698952,0.0,0,0.25110889134456443,9.938716516444405e-13,7.391439286447094,0.021333804289698947,0.0,12.0,12.0,75,3,0.00024994635018087407,18:52,1,A: 1 guard,0.8
0.12226860776273385,0.09855252381928495,1,0.00813641625574196,0.0,0,0.21325919958634698,9.938716516444405e-13,7.391439286447094,0.021296129827995166,0.0,14.0,14.0,75,3,0.00024994635018087407,18:52,1,B: 2nd guard 07-09,0.8
0.03791847598432359,0.0,1,0.007593988505359162,0.0,0,0.06613687671702674,9.938716516444405e-13,1.7787062957640436,0.02114968862699098,0.0,15.0,15.0,75,3,0.00024994635018087407,18:52,1,C: 2nd guard 07-10,0.8
0.10933022892326051,0.10933022892328727,1,0.01356639035448176,0.0,0,0.1973277302518273,9.948708523666034e-13,8.090436940323215,0.0246846459190952,0.0,12.0,12.0,74,6,0.00018727863287785318,18:41,2,A: 1 guard,0.8
-2.0996717877877118e-14,0.0,1,0.011628334589555792,0.0,0,5.087393920767104e-14,8.729683642627607e-13,5.079270337660091e-12,0.024452104680133254,0.0,14.0,14.0,74,6,0.00023254123896195486,18:41,2,B: 2nd guard 07-09,0.8
-2.0996717877877118e-14,0.0,1,0.010853112283585405,0.0,0,5.087393920767104e-14,8.729683642627607e-13,5.079270337660091e-12,0.024452104680133254,0.0,15.0,15.0,74,6,0.00023254123896195486,18:41,2,C: 2nd guard 07-10,0.8
7.015956443263563e-14,0.0,1,0.014699351484273277,0.0,0,-4.0684510024490476e-14,1.6986412276764897e-12,5.757061494193749e-12,0.027855991629441263,0.0,12.0,12.0,85,5,0.0,18:44,3,A: 1 guard,0.8
7.015956443263563e-14,0.0,1,0.012599444129377095,0.0,0,-4.0684510024490476e-14,1.6986412276764897e-12,5.757061494193749e-12,0.027855991629441263,0.0,14.0,14.0,85,5,0.0,18:44,3,B: 2nd guard 07-09,0.8
7.015956443263563e-14,0.0,1,0.011759481187418621,0.0,0,-4.0684510024490476e-14,1.6986412276764897e-12,5.757061494193749e-12,0.027855991629441263,0.0,15.0,15.0,85,5,0.0,18:44,3,C: 2nd guard 07-10,0.8
0.19304678059300595,0.193046780593041,1,0.008757390704024785,0.0,0,0.2926512321211227,1.5604184611106575e-12,10.535444356360022,0.02151670348294218,0.0,12.0,12.0,81,1,0.0003619627136119519,18:55,4,A: 1 guard,0.8
0.1658670175930831,0.06297956631699352,1,0.007506334889164102,0.0,0,0.2314967653712962,1.5604184611106575e-12,8.333883553366269,0.021465741427317327,0.0,14.0,14.0,81,1,0.0003619627136119519,18:55,4,B: 2nd guard 07-09,0.8
0.1658670175930831,0.06297956631699352,1,0.007005912563219828,0.0,0,0.2314967653712962,1.5604184611106575e-12,8.333883553366269,0.021465741427317327,0.0,15.0,15.0,81,1,0.0003619627136119519,18:55,4,C: 2nd guard 07-10,0.8
0.7640296711699629,0.7640296711699468,2,0.012520769316242217,0.0,0,1.300190843920873,4.2739145555970155e-12,18.947347680492154,0.0277116802455574,0.0,12.0,12.0,97,4,0.0017155295857288156,18:37,5,A: 1 guard,0.8
0.37815286603135606,0.166438965907302,2,0.010732087985350474,0.0,0,0.6435232983341204,3.1884495044209887e-12,12.253309900848532,0.026966601255161392,0.0,14.0,14.0,97,4,0.0015941722312534138,18:37,5,B: 2nd guard 07-09,0.8
0.3203680803963378,0.10437021212174219,2,0.010016615452993776,0.0,0,0.5451877859376859,2.603584015048459e-12,12.253309900848532,0.026875190990294583,0.0,15.0,15.0,97,4,0.0015558342505971497,18:37,5,C: 2nd guard 07-10,0.8
0.90737068234909,0.9073706823489402,1,0.011493700399721954,0.0,0,0.4744362078822647,2.0723422977653164e-12,39.874450265664905,0.023111174728927233,0.0,12.0,12.0,78,5,0.0016383081764633643,18:41,6,A: 1 guard,0.8
0.8018152283474845,0.6640700629221258,1,0.009851743199761672,0.0,0,0.26860307257913396,1.9619306179663454e-12,39.874450265664905,0.02285467645593149,0.0,14.0,14.0,78,5,0.0017042202130673188,18:41,6,B: 2nd guard 07-09,0.8
0.8018152283474845,0.6640700629221258,1,0.00919496031977756,0.0,0,0.26860307257913396,1.9619306179663454e-12,39.874450265664905,0.02285467645593149,0.0,15.0,15.0,78,5,0.0017042202130673188,18:41,6,C: 2nd guard 07-10,0.8
0.6778625508037834,0.6778625508035945,1,0.0064943644992699655,0.0,0,1.3896069834045943,2.151279154816167e-12,39.942280117200845,0.015989783675510905,0.0,12.0,12.0,63,1,0.000988549553255242,17:44,7,A: 1 guard,0.8
0.6056908176318416,0.03820219336337989,1,0.005566598142231399,0.0,0,1.2328201147896862,1.967759288845628e-12,35.75178332890149,0.015811250796601072,0.0,14.0,14.0,63,1,0.0010618319879559942,17:44,7,B: 2nd guard 07-09,0.8
0.6056908176318416,0.03820219336337989,1,0.005195491599415973,0.0,0,1.2328201147896862,1.967759288845628e-12,35.75178332890149,0.015811250796601072,0.0,15.0,15.0,63,1,0.0010618319879559942,17:44,7,C: 2nd guard 07-10,0.8
0.1953662875032429,0.19536628750328813,1,0.011407716135630483,0.0,0,0.2647253173787829,1.739441923831464e-12,5.891596517285876,0.024959789359954597,0.0,12.0,12.0,86,3,0.0003889236279000643,17:55,8,A: 1 guard,0.8
0.09688859482708906,0.06300362881387268,1,0.009778042401968985,0.0,0,0.0677699320264753,1.626199175319698e-12,5.418312077993922,0.024508140584964068,0.0,14.0,14.0,86,3,0.0006445288480260282,17:55,8,B: 2nd guard 07-09,0.8
0.09688859482708906,0.06300362881387268,1,0.009126172908504386,0.0,0,0.0677699320264753,1.626199175319698e-12,5.418312077993922,0.024508140584964068,0.0,15.0,15.0,86,3,0.0006445288480260282,17:55,8,C: 2nd guard 07-10,0.8
0.7980601187128066,0.7980601187127682,2,0.015289536370123922,0.0,0,1.457994447648315,2.426059353410893e-12,32.391025185479776,0.029525760306678337,0.0,12.0,12.0,95,7,0.0017549933166137264,17:49,9,A: 1 guard,0.8
0.48394295071731874,0.002871875924461464,2,0.013105316888677642,0.0,0,0.8841265445796349,2.2065682614425002e-12,29.491842444311988,0.028006350892629463,0.0,14.0,14.0,95,7,0.0025836358103021526,17:49,9,B: 2nd guard 07-09,0.8
0.48394295071731874,0.002871875924461464,2,0.012231629096099133,0.0,0,0.8841265445796349,2.2065682614425002e-12,29.491842444311988,0.028006350892629463,0.0,15.0,15.0,95,7,0.0025836358103021526,17:49,9,C: 2nd guard 07-10,0.8
0.4192144526923615,0.41921445269229307,1,0.010344314292957867,0.0,0,0.7485972369505308,1.7722490142091378e-12,19.65391235367484,0.021804006221163134,0.0,12.0,12.0,75,3,0.0007278028692574533,18:51,10,A: 1 guard,0.8
0.3517789171525125,0.09726914793136529,1,0.008866555108249602,0.0,0,0.6281766377722289,1.7722490142091378e-12,17.086917904022485,0.021686930638628674,0.0,14.0,14.0,75,3,0.0007278028692574533,18:51,10,B: 2nd guard 07-09,0.8
0.3142670196902943,0.0,1,0.008275451434366294,0.0,0,0.5611911065896964,1.7722490142091378e-12,17.086917904022485,0.021621805816645655,0.0,15.0,15.0,75,3,0.0007278028692574533,18:51,10,C: 2nd guard 07-10,0.8
0.12192671734851433,0.12192671734893587,1,0.011623106484543339,0.0,0,0.24385343469796733,1.5895618155070677e-12,6.396269837795528,0.022753156672716063,0.0,12.0,12.0,78,6,0.0002201454618800231,18:51,11,A: 1 guard,0.8
0.07337425824882819,0.010326476820436116,1,0.009962662701037147,0.0,0,0.14674851649859513,1.5895618155070677e-12,3.455578498985146,0.02266549251045274,0.0,14.0,14.0,78,6,0.0002201454618800231,18:51,11,B: 2nd guard 07-09,0.8
0.06304778142839207,0.0,1,0.009298485187634672,0.0,0,0.1260955628577229,1.2972956042744946e-12,3.455578498985146,0.022530690726313866,0.0,15.0,15.0,78,6,0.000336302218426443,18:51,11,C: 2nd guard 07-10,0.8
1.0221101996378974,1.0221101996380786,2,0.018490652581737616,0.0,0,0.5927972185765003,1.9297896614034475e-12,43.94859859879795,0.030008000675086313,0.0,12.0,12.0,79,10,0.0018691367076714865,18:49,12,A: 1 guard,0.8
0.9296656061557982,0.8122893787721515,2,0.015849130784346528,0.0,0,0.4340336775963729,1.5627499294623716e-12,43.94859859879795,0.029827392334157585,0.0,14.0,14.0,79,10,0.001880691278112116,18:49,12,B: 2nd guard 07-09,0.8
0.8491148491034597,0.6769371356568062,2,0.014792522065390093,0.0,0,0.2956965078760527,1.5627499294623716e-12,43.94859859879795,0.029680088866399838,0.0,15.0,15.0,79,10,0.001880691278112116,18:49,12,C: 2nd guard 07-10,0.8
0.6634422240589007,0.6634422240589741,1,0.0116534179705703,0.0,0,0.6414022154951273,2.427058554133054e-12,17.834980969493056,0.02448846132066203,0.0,12.0,12.0,83,4,0.0012746690878910844,17:41,13,A: 1 guard,0.8
0.5959450477062177,0.5614842738685113,1,0.00998485623262828,0.0,0,0.5047615901957934,2.219890937738e-12,17.834980969493056,0.02377150588871339,0.0,14.0,14.005310881680442,83,4,0.0018619424449028582,17:41,13,B: 2nd guard 07-09,0.8
0.520556258288803,0.34660498507943877,1,0.00932273437645624,0.0,0,0.35214526039956373,2.219890937738e-12,14.465303989280514,0.02362666168682345,0.0,15.0,15.0,83,4,0.0018619424449028582,17:41,13,C: 2nd guard 07-10,0.8
0.350366953826849,0.350366953827024,1,0.008460806744641305,0.0,0,0.6723257762626798,1.4621637234313312e-12,14.079019589274727,0.01954679634308086,0.0,12.0,12.0,71,3,0.0005758345768916367,18:21,14,A: 1 guard,0.8
0.04622514727912591,0.04622514727930098,2,0.007252120066835401,0.0,0,0.08870230964407595,1.4288570326925765e-12,3.2819854568305598,0.018761420374031453,0.0,14.0,14.0,71,3,0.0008613478546241874,18:21,14,B: 2nd guard 07-09,0.8
0.04622514727912591,0.04622514727930098,2,0.0067686453957130415,0.0,0,0.08870230964407595,1.4288570326925765e-12,3.2819854568305598,0.018761420374031453,0.0,15.0,15.0,71,3,0.0008613478546241874,18:21,14,C: 2nd guard 07-10,0.8
-6.843884433530653e-14,0.0,1,0.010883664427853556,0.0,0,-1.6736612096224235e-14,1.1629031071436192e-12,2.8110846983508964e-12,0.02234646603162697,0.0,12.0,12.0,78,4,0.0,18:20,15,A: 1 guard,0.8
-6.843884433530653e-14,0.0,1,0.009328855223874477,0.0,0,-1.6736612096224235e-14,1.1629031071436192e-12,2.8110846983508964e-12,0.02234646603162697,0.0,14.0,14.0,78,4,0.0,18:20,15,B: 2nd guard 07-09,0.8
-6.843884433530653e-14,0.0,1,0.008706931542282845,0.0,0,-1.6736612096224235e-14,1.1629031071436192e-12,2.8110846983508964e-12,0.02234646603162697,0.0,15.0,15.0,78,4,0.0,18:20,15,C: 2nd guard 07-10,0.8
0.023820602041874556,0.023820602041534772,1,0.01119681456841954,0.0,0,0.04367110374294258,2.785771613389443e-12,1.8341863571985324,0.022357487717295302,0.0,12.0,12.0,77,4,4.245801752773559e-05,18:47,16,A: 1 guard,0.8
0.003800289706669337,0.0,1,0.009597269630073891,0.0,0,0.006967197795066343,2.785771613389443e-12,0.29262230738773043,0.022321803364290422,0.0,14.0,14.0,77,4,4.245801752773559e-05,18:47,16,B: 2nd guard 07-09,0.8
0.003800289706669337,0.0,1,0.008957451654735632,0.0,0,0.006967197795066343,2.785771613389443e-12,0.29262230738773043,0.022321803364290422,0.0,15.0,15.0,77,4,4.245801752773559e-05,18:47,16,C: 2nd guard 07-10,0.8
0.12570273610683083,0.1257027361067548,1,0.009974610745996823,0.0,0,0.2440111936190587,1.6145418335611339e-12,4.908774641165746,0.02030383404620562,0.0,12.0,12.0,66,3,0.00019204584682976428,18:26,17,A: 1 guard,0.8
0.020367215840116738,0.0,1,0.008549666353711563,0.0,0,0.03953636016014314,1.5271117703719028e-12,1.344236245442434,0.020121333734202,0.0,14.0,14.0,66,3,0.00021361689175923972,18:26,17,B: 2nd guard 07-09,0.8
0.020367215840116738,0.0,1,0.007979688596797457,0.0,0,0.03953636016014314,1.5271117703719028e-12,1.344236245442434,0.020121333734202,0.0,15.0,15.0,66,3,0.00021361689175923972,18:26,17,C: 2nd guard 07-10,0.8
0.172357926632711,0.1723579266326532,1,0.013125543352373401,0.0,0,0.34891970513450726,1.6709966743633231e-12,5.673610611522867,0.025209615116965806,0.0,12.0,12.0,83,5,0.00033115064607662536,18:48,18,A: 1 guard,0.8
0.06426578299943173,0.0,1,0.011250465730605773,0.0,0,0.13009902412079555,1.6709966743633231e-12,3.742352002203155,0.02500193808174446,0.0,14.0,14.0,83,5,0.00033115064607662536,18:48,18,B: 2nd guard 07-09,0.8
0.06426578299943173,0.0,1,0.010500434681898721,0.0,0,0.13009902412079555,1.6709966743633231e-12,3.742352002203155,0.02500193808174446,0.0,15.0,15.0,83,5,0.00033115064607662536,18:48,18,C: 2nd guard 07-10,0.8
0.14046297811566089,0.14046297811590855,1,0.00835936516385719,0.0,0,-9.463018604010892e-14,1.1084466677857581e-12,8.287315708839465,0.018178566222078762,0.0,12.0,12.0,59,3,0.0001918360117786714,18:02,19,A: 1 guard,0.8
0.14046297811566089,0.14046297811590855,1,0.007165170140449021,0.0,0,-9.463018604010892e-14,1.1084466677857581e-12,8.287315708839465,0.018178566222078762,0.0,14.0,14.0,59,3,0.0001918360117786714,18:02,19,B: 2nd guard 07-09,0.8
0.14046297811566089,0.14046297811590855,1,0.006687492131085753,0.0,0,-9.463018604010892e-14,1.1084466677857581e-12,8.287315708839465,0.018178566222078762,0.0,15.0,15.0,59,3,0.0001918360117786714,18:02,19,C: 2nd guard 07-10,0.8
0.25724091567357577,0.2572409156734169,1,0.008913909154238614,0.0,0,0.1364224319752438,2.251532293939817e-12,7.291670449899873,0.01965488210223906,0.0,12.0,12.0,67,3,0.0003989616053268271,18:48,20,A: 1 guard,0.8
0.19412008893876653,0.19412008893860772,1,0.007640493560775954,0.0,0,1.1093276834762653e-14,1.938449400995523e-12,7.291670449899873,0.01932281159041365,0.0,14.0,14.0,67,3,0.0006331363905033453,18:48,20,B: 2nd guard 07-09,0.8
0.19412008893876653,0.19412008893860772,1,0.007131127323390891,0.0,0,1.1093276834762653e-14,1.938449400995523e-12,7.291670449899873,0.01932281159041365,0.0,15.0,15.0,67,3,0.0006331363905033453,18:48,20,C: 2nd guard 07-10,0.8
0.3156912166160652,0.3156912166159687,1,0.020700337490705784,0.0,0,0.6130546107957933,1.919797654181821e-12,23.72847142648595,0.03537100379033924,0.0,12.0,12.0,104,12,0.0007599973733347395,18:11,21,A: 1 guard,0.8
0.26306436000727373,0.07147425230685328,1,0.017743146420604955,0.0,0,0.5057370992798262,1.8650081479165692e-12,19.92537120083369,0.03515045993444768,0.0,14.0,14.0,104,12,0.0008538469447977191,18:11,21,B: 2nd guard 07-09,0.8
0.20664877479155006,0.015058667091129616,1,0.01656026999256462,0.0,0,0.3906935529575663,1.8333667917147523e-12,19.92537120083369,0.03426618637752285,0.0,15.0,15.0,104,12,0.0016023052039809964,18:11,21,C: 2nd guard 07-10,0.8
0.11778452892881457,0.11778452892898585,1,0.012670421043227346,0.0,0,0.15434288053989872,8.421596753294131e-13,7.969677586053015,0.026559916867549323,0.0,12.0,12.0,84,3,0.00022902547291747493,18:41,22,A: 1 guard,0.8
0.02040152096907176,0.020401520969243032,1,0.010860360894194869,0.0,0,-7.096524625799763e-14,6.568079413682428e-13,1.7137277614133173,0.026234854902179035,0.0,14.0,14.0,84,3,0.0003647315894771561,18:41,22,B: 2nd guard 07-09,0.8
0.02040152096907176,0.020401520969243032,1,0.010136336834581877,0.0,0,-7.096524625799763e-14,6.568079413682428e-13,1.7137277614133173,0.026234854902179035,0.0,15.0,15.0,84,3,0.0003647315894771561,18:41,22,C: 2nd guard 07-10,0.8
0.2558047790795844,0.25580477907958954,1,0.012051276012999011,0.0,0,0.346841678970823,1.5903944827755378e-12,10.253966006872894,0.024986549905835858,0.0,12.0,12.0,84,4,0.0004973981815436462,17:39,23,A: 1 guard,0.8
0.19934513685203817,0.06586766916699714,1,0.010329665153999152,0.0,0,0.24374146272921704,1.5903944827755378e-12,7.555533430373917,0.02487676726817118,0.0,14.0,14.0,84,4,0.0004973981815436462,17:39,23,B: 2nd guard 07-09,0.8
0.19934513685203817,0.06586766916699714,1,0.00964102081039921,0.0,0,0.24374146272921704,1.5903944827755378e-12,7.555533430373917,0.02487676726817118,0.0,15.0,15.0,84,4,0.0004973981815436462,17:39,23,C: 2nd guard 07-10,0.8
0.21714868401501894,0.2171486840150586,1,0.013526283076757527,0.0,0,0.33727348793836465,1.5161205624281136e-12,7.905970768208163,0.024396426424788287,0.0,12.0,12.0,73,6,0.000366941063266187,18:56,24,A: 1 guard,0.8
0.03931076523881005,0.0,1,0.01159395692293502,0.0,0,0.061057146009359464,1.3868906023617451e-12,2.8696858624361705,0.02408841074021989,0.0,14.0,14.0,73,6,0.0003744435980507098,18:56,24,B: 2nd guard 07-09,0.8
0.03931076523881005,0.0,1,0.01082102646140602,0.0,0,0.061057146009359464,1.3868906023617451e-12,2.8696858624361705,0.02408841074021989,0.0,15.0,15.0,73,6,0.0003744435980507098,18:56,24,C: 2nd guard 07-10,0.8
0.2926739567559069,0.2926739567558475,1,0.017246292075298927,0.0,0,0.4197444028105428,1.563416063277144e-12,12.71282374513227,0.030859529770511415,0.0,12.0,12.0,88,9,0.0005961876896878376,17:36,25,A: 1 guard,0.8
0.18556681116335733,0.058952641554477415,1,0.014782536064541942,0.0,0,0.22738871276678033,1.3632428519372297e-12,10.798363819323884,0.0298239427129852,0.0,14.0,14.0,88,9,0.0014135935247107077,17:36,25,B: 2nd guard 07-09,0.8
0.18556681116335733,0.058952641554477415,1,0.013797033660239147,0.0,0,0.22738871276678033,1.3632428519372297e-12,10.798363819323884,0.0298239427129852,0.0,15.0,15.0,88,9,0.0014135935247107077,17:36,25,C: 2nd guard 07-10,0.8
0.1974520884950516,0.1974520884949449,1,0.012280217236413095,0.0,0,0.3317195086715209,1.5951406862058121e-12,13.153367095552436,0.026030134618016874,0.0,12.0,12.0,84,4,0.0003839346165179484,18:58,26,A: 1 guard,0.8
0.1381374316590443,0.0,1,0.010525900488354084,0.0,0,0.23207088518702862,1.5951406862058121e-12,11.439107085429793,0.02591480056305797,0.0,14.0,14.0,84,4,0.0003839346165179484,18:58,26,B: 2nd guard 07-09,0.8
0.1381374316590443,0.0,1,0.009824173789130478,0.0,0,0.23207088518702862,1.5951406862058121e-12,11.439107085429793,0.02591480056305797,0.0,15.0,15.0,84,4,0.0003839346165179484,18:58,26,C: 2nd guard 07-10,0.8
0.34245667023666354,0.3424566702365098,1,0.010795061454675051,0.0,0,0.4364464570273197,3.0317415244951462e-12,8.604375616904617,0.022474273037347153,0.0,12.0,12.0,76,3,0.0006024700680086747,18:50,27,A: 1 guard,0.8
0.16808069462643133,0.07829170940414985,1,0.0092529098182929,0.0,0,0.14834701906258818,2.2898349882893854e-12,5.950169914714626,0.022063666020228336,0.0,14.0,14.0,76,3,0.0007063045354428279,18:50,27,B: 2nd guard 07-09,0.8
0.16808069462643133,0.07829170940414985,1,0.00863604916374004,0.0,0,0.14834701906258818,2.2898349882893854e-12,5.950169914714626,0.022063666020228336,0.0,15.0,15.0,76,3,0.0007063045354428279,18:50,27,C: 2nd guard 07-10,0.8
0.17272891322488967,0.17272891322482353,1,0.010262696907557076,0.0,0,0.2450560978939083,2.1159740626330887e-12,8.917628391967042,0.02039301162354257,0.0,12.0,12.0,68,4,0.00027188810415018514,18:37,28,A: 1 guard,0.8
0.1426474598694262,0.0357857996959029,1,0.008796597349334637,0.0,0,0.19122612873150002,1.8288703884650208e-12,7.266592891794828,0.020263954803288436,0.0,14.0,14.0,68,4,0.0003535944885670143,18:37,28,B: 2nd guard 07-09,0.8
0.1426474598694262,0.0357857996959029,1,0.008210157526045661,0.0,0,0.19122612873150002,1.8288703884650208e-12,7.266592891794828,0.020263954803288436,0.0,15.0,15.0,68,4,0.0003535944885670143,18:37,28,C: 2nd guard 07-10,0.8
0.003256038580665641,0.0032560385807300918,1,0.0099358494624047,0.0,0,0.0059694040646246895,1.1177725411926082e-12,0.25071497071613713,0.021844174695339343,0.0,12.0,12.0,77,2,5.803587285097617e-06,18:30,29,A: 1 guard,0.8
-6.445060935161624e-14,0.0,1,0.008516442396346887,0.0,0,-4.7144827724261114e-14,1.015521000624631e-12,3.985145546891999e-12,0.021779826695574375,0.0,14.0,14.0,77,2,6.434799976496997e-05,18:30,29,B: 2nd guard 07-09,0.8
-6.445060935161624e-14,0.0,1,0.007948679569923761,0.0,0,-4.7144827724261114e-14,1.015521000624631e-12,3.985145546891999e-12,0.021779826695574375,0.0,15.0,15.0,77,2,6.434799976496997e-05,18:30,29,C: 2nd guard 07-10,0.8
3.4720033865497906e-14,0.0,1,0.00784469541736199,0.0,0,-3.3306690738754696e-15,1.0333400801698644e-12,3.0159208463942377e-12,0.019635016664146795,0.0,12.0,12.0,76,2,0.0,18:45,30,A: 1 guard,0.8
3.4720033865497906e-14,0.0,1,0.006724024643453133,0.0,0,-3.3306690738754696e-15,1.0333400801698644e-12,3.0159208463942377e-12,0.019635016664146795,0.0,14.0,14.0,76,2,0.0,18:45,30,B: 2nd guard 07-09,0.8
3.4720033865497906e-14,0.0,1,0.006275756333889591,0.0,0,-3.3306690738754696e-15,1.0333400801698644e-12,3.0159208463942377e-12,0.019635016664146795,0.0,15.0,15.0,76,2,0.0,18:45,30,C: 2nd guard 07-10,0.8
0.19075859434205217,0.19075859434199113,1,0.013147382161557118,0.0,0,0.2477757147212621,1.6263657087733914e-12,8.291810656306366,0.027261623134044614,0.0,12.0,12.0,88,4,0.00038858232180775975,18:57,1,A: 1 guard,1.0
0.17166371218481105,0.14138642622289993,1,0.011269184709906104,0.0,0,0.21482768276366962,1.5387691121304668e-12,8.291810656306366,0.02718639910262218,0.0,14.0,14.0,88,4,0.00042490937105803787,18:57,1,B: 2nd guard 07-09,1.0
0.09977439532821136,0.04716130512850793,1,0.010517905729245696,0.0,0,0.09078337132483094,1.5387691121304668e-12,4.150194851307722,0.027039957901618,0.0,15.0,15.0,88,4,0.00042490937105803787,18:57,1,C: 2nd guard 07-10,1.0
0.284211493652565,0.2842114936527196,1,0.015777148871981842,0.0,0,0.4014147460270471,2.847555524709837e-12,8.35791391108937,0.02982215131582613,0.0,12.0,12.0,92,7,0.0006052652179641251,18:50,2,A: 1 guard,1.0
0.12497829380750251,0.06605130559453597,1,0.01352327046169872,0.0,0,0.10842565831213223,1.3945511412316603e-12,5.421282915606503,0.02936295186026231,0.0,14.0,14.0,92,7,0.0007253569331171643,18:50,2,B: 2nd guard 07-09,1.0
0.12497829380750251,0.06605130559453597,1,0.012621719097585473,0.0,0,0.10842565831213223,1.3945511412316603e-12,5.421282915606503,0.02936295186026231,0.0,15.0,15.0,92,7,0.0007253569331171643,18:50,2,C: 2nd guard 07-10,1.0
0.01580629418531862,0.015806294185098577,1,0.016026824724000122,0.0,0,0.02982319657564962,1.6909806888065761e-12,1.580629418509758,0.031712929597853365,0.0,12.0,12.0,100,5,3.658864394698745e-05,18:26,3,A: 1 guard,1.0
2.2004065236558288e-13,0.0,1,0.01373727833485725,0.0,0,-8.075301433830148e-15,1.6841528172051314e-12,5.8519855627992e-12,0.031649776233972325,0.0,14.0,14.0,100,5,6.315336388103492e-05,18:26,3,B: 2nd guard 07-09,1.0
2.2004065236558288e-13,0.0,1,0.012821459779200099,0.0,0,-8.075301433830148e-15,1.6841528172051314e-12,5.8519855627992e-12,0.031649776233972325,0.0,15.0,15.0,100,5,6.315336388103492e-05,18:26,3,C: 2nd guard 07-10,1.0
0.1669920599612096,0.16699205996122501,1,0.010964158299741709,0.0,0,0.22017717956763938,1.3595791159559673e-12,10.568504619247852,0.027628971859264703,0.0,12.0,12.0,105,1,0.0004058834790724219,18:42,4,A: 1 guard,1.0
0.14602481421841196,0.06633963501600906,1,0.00939784997120718,0.0,0,0.1743113295052695,1.3595791159559673e-12,8.366943816254098,0.02757800980363985,0.0,14.0,14.0,105,1,0.0004058834790724219,18:42,4,B: 2nd guard 07-09,1.0
0.14602481421841196,0.06633963501600906,1,0.008771326639793367,0.0,0,0.1743113295052695,1.3595791159559673e-12,8.366943816254098,0.02757800980363985,0.0,15.0,15.0,105,1,0.0004058834790724219,18:42,4,C: 2nd guard 07-10,1.0
0.877423606875018,0.8774236068751312,2,0.013764070851115928,0.0,0,1.5850232898389338,2.6015856136041305e-12,19.319195102529076,0.03169194261700757,0.0,12.0,12.0,112,4,0.00227480194375034,18:38,5,A: 1 guard,1.0
0.43746055370167786,0.1506239343252006,2,0.011797775015242226,0.0,0,0.7902513228161255,2.6015856136041305e-12,12.625157322885453,0.030794962399551058,0.0,14.0,14.0,112,4,0.0020311372085352326,18:38,5,B: 2nd guard 07-09,1.0
0.43746055370167786,0.1506239343252006,2,0.011011256680892744,0.0,0,0.7902513228161255,2.6015856136041305e-12,12.625157322885453,0.030794962399551058,0.0,15.0,15.0,112,4,0.0020311372085352326,18:38,5,C: 2nd guard 07-10,1.0
1.1237769220309732,1.1237769220310723,1,0.015207589139966988,0.0,0,1.5090681714811165,2.1008195183469525e-12,40.94013926765058,0.0292234580714538,0.0,12.0,12.0,96,7,0.0024972820489579384,18:02,6,A: 1 guard,1.0
1.0083526991828893,0.8743799421001786,1,0.013035076405685988,0.0,0,1.2917990461200173,2.1008195183469525e-12,40.94013926765058,0.028966959798458057,0.0,14.0,14.0,96,7,0.0024972820489579384,18:02,6,B: 2nd guard 07-09,1.0
0.9068945075097488,0.32208445593173707,1,0.01216607131197359,0.0,0,1.1008189206176349,2.1008195183469525e-12,36.35953508239595,0.028741497150295524,0.0,15.0,15.0,96,7,0.0024972820489579384,18:02,6,C: 2nd guard 07-10,1.0
0.7871250823680842,0.7871250823678921,1,0.009079010229796129,0.0,0,1.6668531156025996,4.318378987733238e-12,40.68760031829273,0.02033090703800582,0.0,12.0,12.0,72,2,0.0013118751372798202,17:36,7,A: 1 guard,1.0
0.6472769044776802,0.13562919472029478,1,0.00778200876839668,0.0,0,1.370704033011156,1.9770018955256315e-12,36.497103529993375,0.01995630498667124,0.0,14.0,14.0,72,2,0.001453396892130395,17:36,7,B: 2nd guard 07-09,1.0
0.6188243973690314,0.0,1,0.007263208183836901,0.0,0,1.3104516650163704,1.8799128920221615e-12,36.497103529993375,0.01991513494857233,0.0,15.0,15.0,72,2,0.0014471460850482207,17:36,7,C: 2nd guard 07-10,1.0
0.27279549489814336,0.27279549489827476,1,0.012666360628760196,0.0,0,0.4750404307710911,1.3605783166781293e-12,9.353906533781942,0.028805074162686312,0.0,12.0,12.0,101,3,0.0006377857635353183,18:01,8,A: 1 guard,1.0
0.16709872544351728,0.09261293597803885,1,0.010856880538937309,0.0,0,0.29098226327251797,1.1007861289158427e-12,9.353906533781942,0.028289613684875335,0.0,14.0,14.0,101,3,0.0009061311090565442,18:01,8,B: 2nd guard 07-09,1.0
0.12627529084897376,0.0,1,0.010133088503008156,0.0,0,0.21989317889236465,1.1007861289158427e-12,5.2307396397330495,0.02819417000677235,0.0,15.0,15.0,101,3,0.0009061311090565442,18:01,8,C: 2nd guard 07-10,1.0
1.0040042934932474,1.0040042934933846,2,0.017003825424658503,0.0,0,1.7957287579515953,2.3461232956378816e-12,34.28935689513783,0.034378989212345765,0.0,12.0,12.0,115,7,0.002672696614623593,18:57,9,A: 1 guard,1.0
0.6572342834798499,0.1849895914215162,2,0.01457470750685014,0.0,0,1.1726263962087717,1.8986479055627155e-12,31.390174153970037,0.032811620584846095,0.0,14.0,14.0,115,7,0.0033169506321338933,18:57,9,B: 2nd guard 07-09,1.0
0.6342801935007489,0.15805384234942868,2,0.013603060339726797,0.0,0,1.1313807657775747,1.8986479055627155e-12,31.390174153970037,0.03275051594717025,0.0,15.0,15.0,115,7,0.0033169506321338933,18:57,9,C: 2nd guard 07-10,1.0
0.5648518637294476,0.5648518637297156,1,0.014089991124154917,0.0,0,0.9538586922250065,2.149613820279229e-12,28.897946302451984,0.02990153612923911,0.0,12.0,12.0,102,4,0.0013336780115840508,18:34,10,A: 1 guard,1.0
0.4876846335808688,0.12532874084169018,1,0.012077135249275643,0.0,0,0.7863893842429844,2.149613820279229e-12,26.33095185279963,0.029719335724721633,0.0,14.0,14.0,102,4,0.0013336780115840508,18:34,10,B: 2nd guard 07-09,1.0
0.4876846335808688,0.12532874084169018,1,0.011271992899323933,0.0,0,0.7863893842429844,2.149613820279229e-12,26.33095185279963,0.029719335724721633,0.0,15.0,15.0,102,4,0.0013336780115840508,18:34,10,C: 2nd guard 07-10,1.0
0.28341074005939987,0.28341074005916456,1,0.013455150853204537,0.0,0,0.39804629283137744,2.2390422849127845e-12,6.907070111282419,0.027164675711800326,0.0,12.0,12.0,96,6,0.0006298016445759212,17:60,11,A: 1 guard,1.0
0.18330106417842268,0.07194864699251013,1,0.01153298644560389,0.0,0,0.2096045499965969,2.2390422849127845e-12,6.907070111282419,0.02694220976539815,0.0,14.0,14.0,96,6,0.0006298016445759212,17:60,11,B: 2nd guard 07-09,1.0
0.18330106417842268,0.07194864699251013,1,0.010764120682563631,0.0,0,0.2096045499965969,2.2390422849127845e-12,6.907070111282419,0.02694220976539815,0.0,15.0,15.0,96,6,0.0006298016445759212,17:60,11,C: 2nd guard 07-10,1.0
1.19867823696444,1.19867823696436,2,0.020950313779340687,0.0,0,2.177600596276128,3.68904906622447e-12,50.861038114466275,0.03662235276560802,0.0,12.0,12.0,103,10,0.0028579596853548395,18:55,12,A: 1 guard,1.0
1.051074800496743,0.8883066725025939,2,0.017957411810863445,0.0,0,1.9061157042016144,3.4312552799065076e-12,50.861038114466275,0.03624149476279937,0.0,14.0,14.0,103,10,0.0028868928280668944,18:55,12,B: 2nd guard 07-09,1.0
0.9653259983377958,0.3053301169903905,2,0.016760251023472547,0.0,0,1.748399157373551,3.4312552799065076e-12,47.2394651817907,0.03612088009405641,0.0,15.0,15.0,103,10,0.0028030601212919964,18:55,12,C: 2nd guard 07-10,1.0
0.7972272728308524,0.7972272728307019,1,0.013337187072647078,0.0,0,0.8804218348239707,3.2507330161024644e-12,30.884397202576718,0.03004759393122243,0.0,12.0,12.0,107,4,0.0019746138470575257,18:48,13,A: 1 guard,1.0
0.6468484645612947,0.35290223469523796,1,0.0114318746336975,0.0,0,0.5824490110305878,2.1749269052406825e-12,24.627127680930453,0.029064196966786027,0.0,14.0,14.0,107,4,0.0025855447817522003,18:48,13,B: 2nd guard 07-09,1.0
0.6468484645612947,0.35290223469523796,1,0.010669749658117667,0.0,0,0.5824490110305878,2.1749269052406825e-12,24.627127680930453,0.029064196966786027,0.0,15.0,15.0,107,4,0.0025855447817522003,18:48,13,C: 2nd guard 07-10,1.0
0.3952845994936958,0.3952845994937794,1,0.009842624611618694,0.0,0,0.7083050968088827,1.4804824033376462e-12,21.609560723752896,0.023067475234317673,0.0,12.0,12.0,86,3,0.0007869091563996536,18:56,14,A: 1 guard,1.0
0.14011079183190797,0.14011079183199157,2,0.008436535381387448,0.0,0,0.2312410216151054,1.142419492339286e-12,10.637086994296018,0.022282099265268265,0.0,14.0,14.0,86,3,0.001064300230566801,18:56,14,B: 2nd guard 07-09,1.0
0.14011079183190797,0.14011079183199157,2,0.007874099689294952,0.0,0,0.2312410216151054,1.142419492339286e-12,10.637086994296018,0.022282099265268265,0.0,15.0,15.0,86,3,0.001064300230566801,18:56,14,C: 2nd guard 07-10,1.0
0.10281109719414928,0.10281109719403503,1,0.01371349595889543,0.0,0,-3.8950324447265907e-14,1.5900614158681496e-12,9.76705423343479,0.028183121567651633,0.0,12.0,12.0,95,5,0.00022608921836651222,18:42,15,A: 1 guard,1.0
0.10281109719414928,0.10281109719403503,1,0.011754425107624653,0.0,0,-3.8950324447265907e-14,1.5900614158681496e-12,9.76705423343479,0.028183121567651633,0.0,14.0,14.0,95,5,0.00022608921836651222,18:42,15,B: 2nd guard 07-09,1.0
0.10281109719414928,0.10281109719403503,1,0.010970796767116342,0.0,0,-3.8950324447265907e-14,1.5900614158681496e-12,9.76705423343479,0.028183121567651633,0.0,15.0,15.0,95,5,0.00022608921836651222,18:42,15,C: 2nd guard 07-10,1.0
0.14326147260093797,0.14326147260106892,1,0.016879169958293166,0.0,0,0.11551349516497456,1.5640821970919217e-12,8.869265009912864,0.031231296097355383,0.0,12.0,12.0,99,7,0.0003283075413774483,18:51,16,A: 1 guard,1.0
0.11970998741790215,0.08958853545367948,1,0.014467859964251286,0.0,0,0.06482660314061488,1.28996813231197e-12,8.869265009912864,0.031120778366486797,0.0,14.0,14.0,99,7,0.000384853118701578,18:51,16,B: 2nd guard 07-09,1.0
0.11970998741790215,0.08958853545367948,1,0.013503335966634533,0.0,0,0.06482660314061488,1.28996813231197e-12,8.869265009912864,0.031120778366486797,0.0,15.0,15.0,99,7,0.000384853118701578,18:51,16,C: 2nd guard 07-10,1.0
0.1256130204065977,0.12561302040661607,1,0.014359766598654103,0.0,0,0.2661799718140087,2.1296298058359753e-12,5.683418050715499,0.02836114284552198,0.0,12.0,12.0,89,5,0.00025878608370807476,18:43,17,A: 1 guard,1.0
0.027630316650123523,0.0,1,0.012308371370274945,0.0,0,0.058549956711003916,1.9610979506978765e-12,2.459098181862376,0.02810869994474067,0.0,14.0,14.0,89,5,0.00030936646980591004,18:43,17,B: 2nd guard 07-09,1.0
0.027630316650123523,0.0,1,0.011487813278923282,0.0,0,0.058549956711003916,1.9610979506978765e-12,2.459098181862376,0.02810869994474067,0.0,15.0,15.0,89,5,0.00030936646980591004,18:43,17,C: 2nd guard 07-10,1.0
0.3278301047012386,0.32783010470139695,1,0.014889641702766153,0.0,0,0.6029732282900474,1.6586731987899839e-12,8.183003514182605,0.030339223308793996,0.0,12.0,12.0,103,5,0.0007816319625982381,18:41,18,A: 1 guard,1.0
0.24072672682199348,0.11332081302498961,1,0.012762550030942416,0.0,0,0.44276522969072185,1.6586731987899839e-12,6.43405453532259,0.030131546273572646,0.0,14.0,14.0,103,5,0.0007816319625982381,18:41,18,B: 2nd guard 07-09,1.0
0.15217690589782631,0.0,1,0.011911713362212922,0.0,0,0.2798968090623429,1.6586731987899839e-12,6.251744904862838,0.02992042054312845,0.0,15.0,15.0,103,5,0.0007816319625982381,18:41,18,C: 2nd guard 07-10,1.0
0.23451410833346376,0.23451410833327507,1,0.010097283826670361,0.0,0,0.2706529569691883,2.0863311078755946e-12,10.014159407859696,0.02352657412131561,0.0,12.0,12.0,79,3,0.00042885681847983174,17:54,19,A: 1 guard,1.0
0.18427568553615475,0.1077525968413813,1,0.008654814708574595,0.0,0,0.16338713532087976,2.0863311078755946e-12,8.512455150469982,0.023434702931477938,0.0,14.0,14.0,79,3,0.00042885681847983174,17:54,19,B: 2nd guard 07-09,1.0
0.18427568553615475,0.1077525968413813,1,0.008077827061336288,0.0,0,0.16338713532087976,2.0863311078755946e-12,8.512455150469982,0.023434702931477938,0.0,15.0,15.0,79,3,0.00042885681847983174,17:54,19,C: 2nd guard 07-10,1.0
0.7204471237169969,0.7204471237168153,1,0.011668437476839428,0.0,0,1.207440828679927,3.060884878891556e-12,24.313495396220567,0.026621248203124115,0.0,12.0,12.0,93,3,0.0015509625580014774,18:19,20,A: 1 guard,1.0
0.5661950149980958,0.4755364041222727,1,0.010001517837290936,0.0,0,0.8396088771194706,3.060884878891556e-12,24.313495396220567,0.026289177691298703,0.0,14.0,14.0,93,3,0.0015509625580014774,18:19,20,B: 2nd guard 07-09,1.0
0.5376291894571924,0.21410096975431211,1,0.009334749981471543,0.0,0,0.7714903700603933,3.060884878891556e-12,21.65687362091655,0.02622768181687037,0.0,15.0,15.0,93,3,0.0015509625580014774,18:19,20,C: 2nd guard 07-10,1.0
0.46857927067465077,0.4685792706744925,1,0.021746333283211572,0.0,0,0.6192040680943669,2.450706304557578e-12,29.566468304304006,0.03822724187245186,0.0,12.0,12.0,115,12,0.0012473753733233017,18:54,21,A: 1 guard,1.0
0.34800803346257575,0.12397874582197109,1,0.018639714242752767,0.0,0,0.40255262622891935,1.6440182548649346e-12,25.76336807865132,0.03712242445963549,0.0,14.0,14.0,115,12,0.0020312276870797555,18:54,21,B: 2nd guard 07-09,1.0
0.34800803346257575,0.12397874582197109,1,0.01739706662656925,0.0,0,0.40255262622891935,1.6440182548649346e-12,25.76336807865132,0.03712242445963549,0.0,15.0,15.0,115,12,0.0020312276870797555,18:54,21,C: 2nd guard 07-10,1.0
0.313968457109359,0.3139684571094247,1,0.014588747769074123,0.0,0,0.190853534086097,1.3882228699912976e-12,15.826632791301554,0.03184145463780474,0.0,12.0,12.0,105,3,0.0007631177776965185,17:54,22,A: 1 guard,1.0
0.20490929477438893,0.20490929477445466,1,0.012504640944920677,0.0,0,-1.0062783939446263e-13,1.0085265955694922e-12,15.826632791301554,0.031516392672434446,0.0,14.0,14.0,105,3,0.0008231053901693139,17:54,22,B: 2nd guard 07-09,1.0
0.20490929477438893,0.20490929477445466,1,0.011670998215259298,0.0,0,-1.0062783939446263e-13,1.0085265955694922e-12,15.826632791301554,0.031516392672434446,0.0,15.0,15.0,105,3,0.0008231053901693139,17:54,22,C: 2nd guard 07-10,1.0
0.2397457808205442,0.23974578082050826,1,0.013264758126827106,0.0,0,0.3955805383538923,1.0288436769201328e-12,10.378978165559158,0.028737164994537354,0.0,12.0,12.0,99,4,0.0005494174143803314,18:52,23,A: 1 guard,1.0
0.19184062983959596,0.07389408694562558,1,0.01136979268013752,0.0,0,0.3165370392353275,1.0288436769201328e-12,7.680545589060181,0.028627382356872684,0.0,14.0,14.0,99,4,0.0005494174143803314,18:52,23,B: 2nd guard 07-09,1.0
0.13429616739625913,0.0,1,0.010611806501461684,0.0,0,0.22158867620382172,1.0288436769201328e-12,7.680545589060181,0.02849550963044004,0.0,15.0,15.0,99,4,0.0005494174143803314,18:52,23,C: 2nd guard 07-10,1.0
0.25207779146895853,0.2520777914690182,1,0.015575083700600104,0.0,0,0.4170910966448478,2.6298963007320704e-12,7.9828116941503415,0.03017543637285099,0.0,12.0,12.0,98,6,0.0005718431380547173,17:50,24,A: 1 guard,1.0
0.07359884302792594,0.043532243146575306,1,0.013350071743371513,0.0,0,0.06013319976278248,1.9814150320485165e-12,4.266159828363467,0.029867420688282593,0.0,14.0,14.0,98,6,0.0004749760229189172,17:50,24,B: 2nd guard 07-09,1.0
0.07359884302792594,0.043532243146575306,1,0.012460066960480078,0.0,0,0.06013319976278248,1.9814150320485165e-12,4.266159828363467,0.029867420688282593,0.0,15.0,15.0,98,6,0.0004749760229189172,17:50,24,C: 2nd guard 07-10,1.0
0.9372305098701103,0.9372305098700833,2,0.019435980662435456,0.0,0,1.439384285086645,2.3341328869719327e-12,25.441106065432354,0.035166243952788334,0.0,12.0,12.0,102,10,0.0022129053705265854,17:46,25,A: 1 guard,1.0
0.5380803814500154,0.15782301228938841,2,0.01665941199637325,0.0,0,0.7827179447826185,1.4143686222212184e-12,23.526646139623967,0.03376967868663881,0.0,14.0,14.0,102,10,0.0026670328334619984,17:46,25,B: 2nd guard 07-09,1.0
0.5380803814500154,0.15782301228938841,2,0.015548784529948368,0.0,0,0.7827179447826185,1.4143686222212184e-12,23.526646139623967,0.03376967868663881,0.0,15.0,15.0,102,10,0.0026670328334619984,17:46,25,C: 2nd guard 07-10,1.0
0.1758857487279518,0.17588574872792173,1,0.013818363596231634,0.0,0,0.29698741178652827,8.313350008393167e-13,13.743469662449893,0.030421056913393002,0.0,12.0,12.0,103,4,0.00041935722497629484,18:31,26,A: 1 guard,1.0
0.1275126305315994,0.0,1,0.01184431165391283,0.0,0,0.21530821220908083,8.313350008393167e-13,12.029209652327676,0.03030572285843411,0.0,14.0,14.0,103,4,0.00041935722497629484,18:31,26,B: 2nd guard 07-09,1.0
0.1275126305315994,0.0,1,0.011054690876985308,0.0,0,0.21530821220908083,8.313350008393167e-13,12.029209652327676,0.03030572285843411,0.0,15.0,15.0,103,4,0.00041935722497629484,18:31,26,C: 2nd guard 07-10,1.0
0.4703357941088623,0.4703357941088451,1,0.012933627941148291,0.0,0,0.6508060353520317,3.1158409186105103e-12,13.86129439433333,0.026465868932282137,0.0,12.0,12.0,89,4,0.0009689788350853521,18:28,27,A: 1 guard,1.0
0.26187259968268184,0.08277714384300114,1,0.011085966806698534,0.0,0,0.30074519942882283,1.5927259511272498e-12,9.051946220201474,0.025795093426719547,0.0,14.0,14.0,89,4,0.0012102815558347481,18:28,27,B: 2nd guard 07-09,1.0
0.26187259968268184,0.08277714384300114,1,0.01034690235291863,0.0,0,0.30074519942882283,1.5927259511272498e-12,9.051946220201474,0.025795093426719547,0.0,15.0,15.0,89,4,0.0012102815558347481,18:28,27,C: 2nd guard 07-10,1.0
0.5608888789895368,0.5608888789895587,1,0.014351411194730655,0.0,0,0.7971577277876518,2.759792394613214e-12,13.752997310470937,0.027685926671837367,0.0,12.0,12.0,90,6,0.001168518497894914,18:14,28,A: 1 guard,1.0
0.4305614531723704,0.22262657805483363,1,0.012301209595483418,0.0,0,0.5527938043804647,2.759792394613214e-12,9.828778175664615,0.027505249607283233,0.0,14.0,14.0,90,6,0.0010776800919966197,18:14,28,B: 2nd guard 07-09,1.0
0.385753569066051,0.13573809083614682,1,0.011481128955784526,0.0,0,0.468779021681116,2.759792394613214e-12,9.828778175664615,0.0274118998487284,0.0,15.0,15.0,90,6,0.0010776800919966197,18:14,28,C: 2nd guard 07-10,1.0
0.04595751464546708,0.04595751464530986,1,0.01120988656289292,0.0,0,0.08380487964738702,1.438515973006815e-12,3.0830411806546296,0.025525894071373133,0.0,12.0,12.0,93,2,9.893631625032107e-05,17:57,29,A: 1 guard,1.0
0.014038578732430229,-5.730183352904035e-16,1,0.009608474196765358,0.0,0,0.0255997612177316,1.287969730867644e-12,1.3055878221014272,0.025420401317937952,0.0,14.0,14.0,93,2,0.00013571469376160532,17:57,29,B: 2nd guard 07-09,1.0
0.014038578732430229,-5.730183352904035e-16,1,0.008967909250314335,0.0,0,0.0255997612177316,1.287969730867644e-12,1.3055878221014272,0.025420401317937952,0.0,15.0,15.0,93,2,0.00013571469376160532,17:57,29,C: 2nd guard 07-10,1.0
8.938726048006513e-14,0.0,1,0.011339405288831244,0.0,0,-5.8665193914852025e-15,1.1129430710354884e-12,2.644551244657123e-12,0.026647026970513205,0.0,12.0,12.0,97,3,0.0,18:32,30,A: 1 guard,1.0
8.938726048006513e-14,0.0,1,0.009719490247569637,0.0,0,-5.8665193914852025e-15,1.1129430710354884e-12,2.644551244657123e-12,0.026647026970513205,0.0,14.0,14.0,97,3,0.0,18:32,30,B: 2nd guard 07-09,1.0
8.938726048006513e-14,0.0,1,0.009071524231064994,0.0,0,-5.8665193914852025e-15,1.1129430710354884e-12,2.644551244657123e-12,0.026647026970513205,0.0,15.0,15.0,97,3,0.0,18:32,30,C: 2nd guard 07-10,1.0
0.2882759769526456,0.2882759769528512,1,0.016689855709510728,0.0,0,0.24111985179222262,1.6400214519762818e-12,14.146423937477083,0.03529384176700472,0.0,12.0,12.0,117,5,0.0007807474375806385,18:37,1,A: 1 guard,1.2
0.20897859688253645,0.15638135716909135,1,0.014305590608152056,0.0,0,0.0961543288515544,1.5214496329463151e-12,14.146423937477083,0.03507217653457811,0.0,14.0,14.0,117,5,0.000787648932317379,18:37,1,B: 2nd guard 07-09,1.2
0.20897859688253645,0.15638135716909135,1,0.013351884567608585,0.0,0,0.0961543288515544,1.5214496329463151e-12,14.146423937477083,0.03507217653457811,0.0,15.0,15.0,117,5,0.000787648932317379,18:37,1,C: 2nd guard 07-10,1.2
0.3641444932883554,0.3641444932883261,1,0.018921917440547723,0.0,0,0.5852199176056828,2.2745139105495614e-12,13.654557208138206,0.03655322053339513,0.0,12.0,12.0,115,8,0.0009693661279666088,18:51,2,A: 1 guard,1.2
0.2050947779011599,0.0842567066073689,1,0.016218786377612333,0.0,0,0.2526614217960924,1.9471091405876016e-12,8.03617556885789,0.03609402107783131,0.0,14.0,14.0,115,8,0.0010051693504395153,18:51,2,B: 2nd guard 07-09,1.2
0.2050947779011599,0.0842567066073689,1,0.015137533952438179,0.0,0,0.2526614217960924,1.9471091405876016e-12,8.03617556885789,0.03609402107783131,0.0,15.0,15.0,115,8,0.0010051693504395153,18:51,2,C: 2nd guard 07-10,1.2
0.061901380910518,0.061901380910491695,1,0.01963334731753736,0.0,0,0.12579958056004392,1.5978884881917566e-12,4.238547789801473,0.03954671399751268,0.0,12.0,12.0,126,6,0.00018054569432226743,18:51,3,A: 1 guard,1.2
0.040248799008448896,0.02826211273746334,1,0.016828583415032024,0.0,0,0.08179594637196799,1.5978884881917566e-12,3.561026204920994,0.03948356063363165,0.0,14.0,14.0,126,6,0.00018054569432226743,18:51,3,B: 2nd guard 07-09,1.2
0.012580806233314942,0.0,1,0.01570667785402989,0.0,0,0.025567444925728024,1.5978884881917566e-12,1.5103224701407636,0.039402862321370836,0.0,15.0,15.0,126,6,0.00018054569432226743,18:51,3,C: 2nd guard 07-10,1.2
0.2008124113844203,0.20081241138429765,1,0.013272071291717917,0.0,0,0.3748883102649126,1.4221956945448253e-12,10.66401204536749,0.033076904034393215,0.0,12.0,12.0,123,2,0.000571757560191403,18:35,4,A: 1 guard,1.2
0.1829135430673979,0.11411312646261217,1,0.011376061107186785,0.0,0,0.33879714956009693,1.4221956945448253e-12,8.829978481687172,0.03302594197876836,0.0,14.0,14.0,123,2,0.000571757560191403,18:35,4,B: 2nd guard 07-09,1.2
0.1259448572218936,0.01489219247248013,1,0.010617657033374334,0.0,0,0.22392586498637515,1.4221956945448253e-12,8.462451242373737,0.032863739470458245,0.0,15.0,15.0,123,2,0.000571757560191403,18:35,4,C: 2nd guard 07-10,1.2
0.818121282824708,0.8181212828247468,2,0.015317742097343543,0.0,0,1.3635354713745584,2.7727820040013297e-12,20.393420988414274,0.035923258198987104,0.0,12.0,12.0,130,4,0.0024619390455374326,18:43,5,A: 1 guard,1.2
0.43907619085998423,0.15602740148210287,2,0.013129493226294468,0.0,0,0.7317936514333523,2.7727820040013297e-12,13.699383208770652,0.03502627798153059,0.0,14.0,14.0,130,4,0.002218274310322325,18:43,5,B: 2nd guard 07-09,1.2
0.43907619085998423,0.15602740148210287,2,0.012254193677874838,0.0,0,0.7317936514333523,2.7727820040013297e-12,13.699383208770652,0.03502627798153059,0.0,15.0,15.0,130,4,0.002218274310322325,18:43,5,C: 2nd guard 07-10,1.2
1.3199747696035604,1.3199747696036073,2,0.017890678036106552,0.0,0,1.8321113081174847,3.5053626668002396e-12,42.97666482298126,0.03603062634707086,0.0,12.0,12.0,122,8,0.0037277065252694463,18:49,6,A: 1 guard,1.2
1.1719971317070457,0.9797932178255111,2,0.015334866888091327,0.0,0,1.5455514379051865,3.1461500071827735e-12,42.97666482298126,0.03458091219129977,0.0,14.0,14.0,122,8,0.004759520870314265,18:49,6,B: 2nd guard 07-09,1.2
1.0211137927430125,0.7644503293879221,3,0.01431254242888524,0.0,0,1.2533646545145194,2.045696945174316e-12,41.41377882408648,0.033249898249706554,0.0,15.0,15.0,122,8,0.005664429086129432,18:49,6,C: 2nd guard 07-10,1.2
0.8102800657356339,0.8102800657356973,2,0.011677374308125158,0.0,0,1.5544148199826775,3.0815350271495845e-12,42.84074756589208,0.026444493424071524,0.0,12.0,12.0,94,3,0.0017631094022952673,18:33,7,A: 1 guard,1.2
0.6625522521673491,0.22287135658746018,2,0.01000917797839299,0.0,0,1.2710186061986202,2.715994096291752e-12,38.650250777592724,0.026069891372736936,0.0,14.0,14.0,94,3,0.0018162666741062656,18:33,7,B: 2nd guard 07-09,1.2
0.6081901098593816,0.0007377197014834372,2,0.00934189944650012,0.0,0,1.1667320474853762,2.715994096291752e-12,38.650250777592724,0.025992773415999083,0.0,15.0,15.0,94,3,0.001775096636007339,18:33,7,C: 2nd guard 07-10,1.2
0.31535425059742345,0.315354250597436,1,0.017577076450217992,0.0,0,0.5156468151660606,2.298161660974074e-12,10.228483079512802,0.03669774021542364,0.0,12.0,12.0,121,5,0.0008832838963492999,18:55,8,A: 1 guard,1.2
0.13913871243448755,0.0,1,0.015066065528758273,0.0,0,0.2275105973590979,1.2423395645555502e-12,6.592306302680628,0.035976811377635365,0.0,14.0,14.0,121,5,0.0011106460647460163,18:55,8,B: 2nd guard 07-09,1.2
0.13913871243448755,0.0,1,0.014061661160174389,0.0,0,0.2275105973590979,1.2423395645555502e-12,6.592306302680628,0.035976811377635365,0.0,15.0,15.0,121,5,0.0011106460647460163,18:55,8,C: 2nd guard 07-10,1.2
1.3042286033434913,1.3042286033435597,2,0.018202442694167938,0.0,0,2.144052902160599,1.3327672299112682e-12,36.820465841348636,0.037728619290478084,0.0,12.0,12.0,128,7,0.0038643810469438803,17:49,9,A: 1 guard,1.2
0.8900995876307173,0.37906098451264636,2,0.015602093737858227,0.0,0,1.4465724546443475,1.1376732889090135e-12,33.921283100180844,0.03597020459517417,0.0,14.0,14.0,128,7,0.004395746806802533,17:49,9,B: 2nd guard 07-09,1.2
0.8900995876307173,0.37906098451264636,2,0.014561954155334345,0.0,0,1.4465724546443475,1.1376732889090135e-12,33.921283100180844,0.03597020459517417,0.0,15.0,15.0,128,7,0.004395746806802533,17:49,9,C: 2nd guard 07-10,1.2
0.5550523157689412,0.5550523157689866,1,0.018115829222890206,0.0,0,0.947340811235585,2.222388939543407e-12,36.60130792643364,0.03790402773169782,0.0,12.0,12.0,126,5,0.0016189025876595443,18:52,10,A: 1 guard,1.2
0.4871407514636351,0.12649337735289073,1,0.015527853619620178,0.0,0,0.7972205111922769,2.167432899824462e-12,34.034313476781286,0.03760375737357462,0.0,14.0,14.0,126,5,0.0017210975498922697,18:52,10,B: 2nd guard 07-09,1.2
0.4871407514636351,0.12649337735289073,1,0.014492663378312166,0.0,0,0.7972205111922769,2.167432899824462e-12,34.034313476781286,0.03760375737357462,0.0,15.0,15.0,126,5,0.0017210975498922697,18:52,10,C: 2nd guard 07-10,1.2
0.280981127383702,0.28098112738355735,1,0.01653196860568028,0.0,0,0.4253236348048299,2.4275581544941352e-12,8.061678577776402,0.03388150854945263,0.0,12.0,12.0,118,7,0.0007674947460939762,18:55,11,A: 1 guard,1.2
0.1995359673449408,0.09310966764334261,1,0.014170258804868814,0.0,0,0.2624333147273077,2.4275581544941352e-12,8.061678577776402,0.03365904260305045,0.0,14.0,14.0,118,7,0.0007674947460939762,18:55,11,B: 2nd guard 07-09,1.2
0.17474560968274191,0.06831930998114369,1,0.013225574884544228,0.0,0,0.21285259940290988,2.309985536186332e-12,8.061678577776402,0.03300534609872211,0.0,15.0,15.0,118,7,0.001353476847548713,18:55,11,C: 2nd guard 07-10,1.2
1.624256653843362,1.6242566538434533,3,0.027217024919315408,0.0,0,2.753341209412658,0.7673291888302125,53.918463284857346,0.0476209565079593,0.0,12.0,12.0,134,13,0.005038203509607007,18:19,12,A: 1 guard,1.2
1.3457811109116742,0.7961344851847145,3,0.02332887850227035,0.0,0,2.1702830413994363,5.206002295921056e-12,50.29689035218262,0.047011007942882196,0.0,14.0,14.0,134,13,0.004784362196146002,18:19,12,B: 2nd guard 07-09,1.2
1.3457811109116742,0.7961344851847145,3,0.021773619935452328,0.0,0,2.1702830413994363,5.206002295921056e-12,50.29689035218262,0.047011007942882196,0.0,15.0,15.0,134,13,0.004784362196146002,18:19,12,C: 2nd guard 07-10,1.2
0.8851765312135035,0.8851765312134139,1,0.01600527178655864,0.0,0,1.4310924208196705,2.5073276788134584e-12,33.37000029459294,0.035859130572195724,0.0,12.0,12.0,127,5,0.0026022550801875826,18:58,13,A: 1 guard,1.2
0.7338605814297483,0.4508661435576362,2,0.01371880438847884,0.0,0,1.1484876322529514,2.104982854689297e-12,27.112730772946673,0.03480054448085647,0.0,14.0,14.0,127,5,0.0032160003006347815,18:58,13,B: 2nd guard 07-09,1.2
0.5709860973409359,0.11966502008169091,2,0.012804217429246914,0.0,0,0.8442955810870809,2.0796697697278436e-12,27.112730772946673,0.034419641119632714,0.0,15.0,15.0,127,5,0.003118082840578925,18:58,13,C: 2nd guard 07-10,1.2
0.3851023324051235,0.385102332405245,1,0.015352021172243857,0.0,0,0.7866597046600714,2.3214763444912043e-12,25.584012989172226,0.03360275188224271,0.0,12.0,12.0,117,5,0.0010429854835975385,18:48,14,A: 1 guard,1.2
0.19595589052301582,0.1959558905231372,2,0.013158875290494728,0.0,0,0.39841174500732385,2.0926593791159584e-12,14.518946139068921,0.0328173759131933,0.0,14.0,14.0,117,5,0.0013160898392162402,18:48,14,B: 2nd guard 07-09,1.2
0.17809902947246856,0.12595141764831597,2,0.012281616937795082,0.0,0,0.36175818811409527,2.0926593791159584e-12,14.518946139068921,0.0327690135811814,0.0,15.0,15.0,117,5,0.0013160898392162402,18:48,14,C: 2nd guard 07-10,1.2
0.1514638573816435,0.15146385738149876,1,0.017223516150037282,0.0,0,0.0010808405708564873,1.5594192603884969e-12,10.009205449659119,0.034768847422214796,0.0,12.0,12.0,115,6,0.0004032023981220452,18:52,15,A: 1 guard,1.2
0.15087174472110076,0.150871744720956,1,0.014763013842889099,0.0,0,2.453064206790822e-14,1.4171996909340123e-12,10.009205449659119,0.03469990805028554,0.0,14.0,14.0,115,6,0.0004705655442188335,18:52,15,B: 2nd guard 07-09,1.2
0.15087174472110076,0.150871744720956,1,0.013778812920029826,0.0,0,2.453064206790822e-14,1.4171996909340123e-12,10.009205449659119,0.03469990805028554,0.0,15.0,15.0,115,6,0.0004705655442188335,18:52,15,C: 2nd guard 07-10,1.2
0.6458821521836688,0.6458821521837416,1,0.017913522689952555,0.0,0,0.26358088897130416,1.8984813721090177e-12,56.14164644308609,0.03453456215857151,0.0,12.0,12.0,111,7,0.001659558307694336,18:03,16,A: 1 guard,1.2
0.6074862547765173,0.5637601691479341,1,0.015354448019959334,0.0,0,0.1913445396120869,1.2423395645555502e-12,56.14164644308609,0.03433681318370189,0.0,14.0,14.0,111,7,0.001758651157281695,18:03,16,B: 2nd guard 07-09,1.2
0.5743645423039825,0.5057805985863733,1,0.014330818151962047,0.0,0,0.1290308093671485,1.2423395645555502e-12,56.14164644308609,0.034251708783598844,0.0,15.0,15.0,111,7,0.001758651157281695,18:03,16,C: 2nd guard 07-10,1.2
0.3565986321839513,0.3565986321838544,1,0.01790222268876431,0.0,0,0.5061439903503488,2.1975754549430353e-12,12.029691083492967,0.034803111223974476,0.0,12.0,12.0,107,7,0.0008832419824924184,18:57,17,A: 1 guard,1.2
0.23507365548330822,0.11062211350893518,1,0.015344762304655122,0.0,0,0.25608298060094853,2.1975754549430353e-12,11.836566145455638,0.034502111860387236,0.0,14.0,14.0,107,7,0.0008832419824924184,18:57,17,B: 2nd guard 07-09,1.2
0.23507365548330822,0.11062211350893518,1,0.014321778151011447,0.0,0,0.25608298060094853,2.1975754549430353e-12,11.836566145455638,0.034502111860387236,0.0,15.0,15.0,107,7,0.0008832419824924184,18:57,17,C: 2nd guard 07-10,1.2
0.4515133737844632,0.45151337378457007,1,0.0193255864618515,0.0,0,0.8536424723114548,2.0999868510784836e-12,10.828676204411519,0.03726195033659224,0.0,12.0,12.0,121,7,0.0012646555145354856,18:55,18,A: 1 guard,1.2
0.2485107760500816,0.0,1,0.01656478839587271,0.0,0,0.46984068596988954,1.7785772854495008e-12,7.924673506635943,0.036678303658608885,0.0,14.0,14.0,121,7,0.001279706953494301,18:55,18,B: 2nd guard 07-09,1.2
0.2485107760500816,0.0,1,0.015460469169481197,0.0,0,0.46984068596988954,1.7785772854495008e-12,7.924673506635943,0.036678303658608885,0.0,15.0,15.0,121,7,0.001279706953494301,18:55,18,C: 2nd guard 07-10,1.2
0.4179196404303554,0.4179196404302565,1,0.014424726877788079,0.0,0,0.7015021122731507,2.423394818151793e-12,29.207308186914474,0.03047227630628635,0.0,12.0,12.0,97,6,0.000938384377817937,18:41,19,A: 1 guard,1.2
0.3671349183497613,0.10694447725763166,1,0.012364051609532639,0.0,0,0.5869412275797177,2.1822543772032093e-12,25.23847278592706,0.030296643586094192,0.0,14.0,14.0,97,6,0.0009999865877828344,18:41,19,B: 2nd guard 07-09,1.2
0.3671349183497613,0.10694447725763166,1,0.011539781502230463,0.0,0,0.5869412275797177,2.1822543772032093e-12,25.23847278592706,0.030296643586094192,0.0,15.0,15.0,97,6,0.0009999865877828344,18:41,19,C: 2nd guard 07-10,1.2
0.9883516235933153,0.9883516235934093,2,0.014590926823627393,0.0,0,2.032855430163829,2.360611706109239e-12,28.09612316206904,0.032854136269112634,0.0,12.0,12.0,116,4,0.0026539071374267476,18:55,20,A: 1 guard,1.2
0.832060934924908,0.4267529456077141,2,0.012506508705966332,0.0,0,1.690785243644296,2.229882944959627e-12,26.475186664433625,0.03233616742018105,0.0,14.0,14.0,116,4,0.00275220654456354,18:55,20,B: 2nd guard 07-09,1.2
0.6792720688957278,0.07132641657048958,2,0.011672741458901913,0.0,0,1.3563794236559017,2.1366242108911138e-12,25.439501386765023,0.03202958684527232,0.0,15.0,15.0,116,4,0.0026485207199494643,18:55,20,C: 2nd guard 07-10,1.2
0.5132769059693859,0.5132769059694166,1,0.024397931531161973,0.0,0,0.5890915774768676,2.0949075807408275e-12,32.07743470336567,0.043255773351541967,0.0,12.0,12.0,132,13,0.0015683461015732173,18:36,21,A: 1 guard,1.2
0.3975020480491814,0.1833025444301742,1,0.02091251274099597,0.0,0,0.4093000334125499,1.0636491687421328e-12,28.27433447771298,0.04204454340082027,0.0,14.0,14.0,132,13,0.002425819541983179,18:36,21,B: 2nd guard 07-09,1.2
0.36402373586641457,0.1339376325941673,1,0.019518345224929574,0.0,0,0.3573101839051943,1.0636491687421328e-12,28.27433447771298,0.04194224855803959,0.0,15.0,15.0,132,13,0.002425819541983179,18:36,21,C: 2nd guard 07-10,1.2
0.7469134871160457,0.7469134871159564,1,0.019058670954713496,0.0,0,0.7716421978369243,2.6162405575291814e-12,33.90528143551976,0.03932562578401859,0.0,12.0,12.0,126,5,0.0021784976707548737,18:32,22,A: 1 guard,1.2
0.6419063742426858,0.640205571704682,1,0.01633600367546871,0.0,0,0.5852915468222293,2.473021787352536e-12,33.90528143551976,0.038945218882020266,0.0,14.0,14.0,126,5,0.002252633826872554,18:32,22,B: 2nd guard 07-09,1.2
0.6027282075826423,0.3120992327792408,1,0.015246936763770796,0.0,0,0.5157640961297579,2.473021787352536e-12,30.26767959123433,0.03883094922926181,0.0,15.0,15.0,126,5,0.002252633826872554,18:32,22,C: 2nd guard 07-10,1.2
0.47830317590362176,0.4783031759035466,1,0.014578044448697031,0.0,0,0.7142660760159675,1.6936452240656763e-12,23.621738395668345,0.03212725816522947,0.0,12.0,12.0,112,4,0.0012400452708610473,18:46,23,A: 1 guard,1.2
0.40856005009464513,0.29327697880211573,1,0.01249546667031174,0.0,0,0.6101163414745624,1.6448509221334027e-12,23.621738395668345,0.03190429831580637,0.0,14.0,14.0,112,4,0.0012821896089275327,18:46,23,B: 2nd guard 07-09,1.2
0.3219933386009355,-2.379049338482478e-16,1,0.011662435558957625,0.0,0,0.480843385643956,1.33543176517037e-12,20.740656936109318,0.03163187907314231,0.0,15.0,15.0,112,4,0.001330176636607898,18:46,23,C: 2nd guard 07-10,1.2
0.6731285710602363,0.6731285710599024,1,0.01749275218026892,0.0,0,0.9890625084070914,4.131694986142517e-12,28.74262767352446,0.0343169936863092,0.0,12.0,12.0,113,6,0.0017607298270779855,18:41,24,A: 1 guard,1.2
0.46833621163801276,0.43498238819581847,1,0.014993787583087647,0.0,0,0.6033702314952374,2.902345030975084e-12,28.74262767352446,0.0338539343619229,0.0,14.0,14.0,113,6,0.0016881054335311557,18:41,24,B: 2nd guard 07-09,1.2
0.43313916042885825,0.14796263739239962,1,0.013994201744215137,0.0,0,0.5370824517179964,2.902345030975084e-12,26.40365133718445,0.03376186800112117,0.0,15.0,15.0,113,6,0.0016881054335311557,18:41,24,C: 2nd guard 07-10,1.2
1.2550016476851389,1.2550016476850478,2,0.0226855395164279,0.0,0,2.021041614453846,4.700240197053065e-12,29.820730089620827,0.04169245564609718,0.0,12.0,12.0,124,11,0.0036023195442811554,18:32,25,A: 1 guard,1.2
0.817717307245868,0.26925714466315864,2,0.019444748156938203,0.0,0,1.3168434558243707,3.6012859361278523e-12,27.90627016381244,0.040116604003386576,0.0,14.0,14.0,124,11,0.003923003172767927,18:32,25,B: 2nd guard 07-09,1.2
0.7848102315103537,0.20962989737011384,2,0.018148431613142325,0.0,0,1.2638502429515943,3.6012859361278523e-12,27.90627016381244,0.04002214850821982,0.0,15.0,15.0,124,11,0.003923003172767927,18:32,25,C: 2nd guard 07-10,1.2
0.16731825291250768,0.16731825291264288,2,0.016179764013234732,0.0,0,0.27733573427979774,1.4954704141700859e-12,15.147743721534578,0.03522169925785523,0.0,12.0,12.0,121,5,0.00046864603246365245,18:13,26,A: 1 guard,1.2
0.1097176996247318,0.03783172971799167,2,0.0138683691542012,0.0,0,0.18186084458362128,1.4688250615790821e-12,12.43986582461407,0.034978034436391206,0.0,14.0,14.0,121,5,0.0005509759708762675,18:13,26,B: 2nd guard 07-09,1.2
0.1097176996247318,0.03783172971799167,2,0.012943811210587788,0.0,0,0.18186084458362128,1.4688250615790821e-12,12.43986582461407,0.034978034436391206,0.0,15.0,15.0,121,5,0.0005509759708762675,18:13,26,C: 2nd guard 07-10,1.2
0.49176465587956003,0.49176465587946644,1,0.016337660111899917,0.0,0,0.9343528461709635,2.9867774919978294e-12,18.62789751480577,0.03339647906306711,0.0,12.0,12.0,114,5,0.001297712286348592,18:55,27,A: 1 guard,1.2
0.28437527580573935,0.07705404990643597,1,0.014003708667342787,0.0,0,0.5403130240307041,2.0503598818777395e-12,13.818549340673913,0.032668610515864956,0.0,14.0,14.0,114,5,0.0014783033028003803,18:55,27,B: 2nd guard 07-09,1.2
0.2664562907494042,0.0,1,0.013070128089519935,0.0,0,0.5062669524236674,2.0503598818777395e-12,13.818549340673913,0.032621324305299626,0.0,15.0,15.0,114,5,0.0014783033028003803,18:55,27,C: 2nd guard 07-10,1.2
0.6852572823245218,0.685257282324518,2,0.016191420156038517,0.0,0,1.1882953522268709,2.7920998846298058e-12,20.80331357899781,0.032504222601006716,0.0,12.0,12.0,108,6,0.001713143205811295,18:58,28,A: 1 guard,1.2
0.5349001217495796,0.33301662335024357,2,0.013878360133747299,0.0,0,0.876015095648145,2.7231550348005836e-12,16.879094444191487,0.03212854686794359,0.0,14.0,14.0,108,6,0.001712926037437068,18:58,28,B: 2nd guard 07-09,1.2
0.4975602183276389,0.2447260654332142,2,0.012953136124830813,0.0,0,0.7984629885410375,2.7231550348005836e-12,16.879094444191487,0.032035197109388736,0.0,15.0,15.0,108,6,0.001712926037437068,18:58,28,C: 2nd guard 07-10,1.2
0.21795262458460568,0.21795262458451892,1,0.014628896174077368,0.0,0,0.2543062985253669,1.9189649869133542e-12,6.661949146743742,0.031634578305417986,0.0,12.0,12.0,110,4,0.0005549719607476177,18:33,29,A: 1 guard,1.2
0.151780216512549,0.11324705775474926,1,0.012539053863494885,0.0,0,0.1405724721515195,1.8465229345565608e-12,6.661949146743742,0.03143098623850243,0.0,14.0,14.0,110,4,0.000590069470072289,18:33,29,B: 2nd guard 07-09,1.2
0.10852575510944283,0.06999259635164311,1,0.011703116939261893,0.0,0,0.0662288666149308,1.3787304631307549e-12,6.661949146743742,0.03126378038637022,0.0,15.0,15.0,110,4,0.0006471366473354815,18:33,29,C: 2nd guard 07-10,1.2
0.0141770068373982,0.01417700683736601,1,0.01262344226126697,0.0,0,0.027131857912927767,1.1224354778960333e-12,1.5736477589476305,0.03061030226831589,0.0,12.0,12.0,111,3,3.6427031457121e-05,17:46,30,A: 1 guard,1.2
0.0003162298971836199,0.0,1,0.010820093366800258,0.0,0,0.0006051985963102084,1.1224354778960333e-12,0.035101518583812163,0.030574687772011166,0.0,14.0,14.0,111,3,3.6427031457121e-05,17:46,30,B: 2nd guard 07-09,1.2
0.0003162298971836199,0.0,1,0.010098753809013575,0.0,0,0.0006051985963102084,1.1224354778960333e-12,0.035101518583812163,0.030574687772011166,0.0,15.0,15.0,111,3,3.6427031457121e-05,17:46,30,C: 2nd guard 07-10,1.2
