demand,quantity,measure,target,recommended_n,target_met,n,mean,sd,se,t,half_width,ci_low,ci_high
0.8,A: 1 guard,avg_delay_sec,1.0,30,True,30,1.8894768077398387,0.5697100327901545,0.10401434539872516,2.045229642132703,0.21273322241650203,1.6767435853233368,2.102210030156341
0.8,B: 2nd guard 07-09,avg_delay_sec,1.0,30,True,30,1.3781081231384815,0.443261223112526,0.08092805692202026,2.045229642132703,0.16551646089711852,1.212591662241363,1.5436245840356
0.8,C: 2nd guard 07-10,avg_delay_sec,1.0,30,True,30,1.2915799365319898,0.42699719147759735,0.07795866458787758,2.045229642132703,0.15944337167620828,1.1321365648557815,1.451023308208198
0.8,B: 2nd guard 07-09 minus A: 1 guard,avg_delay_sec,1.0,30,True,30,-0.5113686846013572,0.19578165195859967,0.03574467570778351,2.045229642132703,0.07310607030597958,-0.5844747549073368,-0.4382626142953776
0.8,C: 2nd guard 07-10 minus A: 1 guard,avg_delay_sec,1.0,30,True,30,-0.5978968712078486,0.19699238622040144,0.03596572452989457,2.045229642132703,0.07355816590931964,-0.6714550371171683,-0.524338705298529
0.8,C: 2nd guard 07-10 minus B: 2nd guard 07-09,avg_delay_sec,1.0,30,True,30,-0.08652818660649132,0.06006225055003098,0.010965816493593012,2.045229642132703,0.022427612942884128,-0.10895579954937545,-0.06410057366360719
0.8,A: 1 guard,max_queue_veh,1.0,30,True,30,3.033333333333333,0.9278574999588489,0.16940282762593675,2.045229642132703,0.3464676845216626,2.6868656488116707,3.3798010178549958
0.8,B: 2nd guard 07-09,max_queue_veh,1.0,30,True,30,3.2,1.0305673027596216,0.18815498624956692,2.045229642132703,0.3848201551926854,2.815179844807315,3.5848201551926855
0.8,C: 2nd guard 07-10,max_queue_veh,1.0,30,True,30,3.2,1.0305673027596216,0.18815498624956692,2.045229642132703,0.3848201551926854,2.815179844807315,3.5848201551926855
0.8,B: 2nd guard 07-09 minus A: 1 guard,max_queue_veh,1.0,30,True,30,0.16666666666666666,0.3790490217894517,0.06920456654478331,2.045229642132703,0.141539230868336,0.025127435798330655,0.30820589753500266
0.8,C: 2nd guard 07-10 minus A: 1 guard,max_queue_veh,1.0,30,True,30,0.16666666666666666,0.3790490217894517,0.06920456654478331,2.045229642132703,0.141539230868336,0.025127435798330655,0.30820589753500266
0.8,C: 2nd guard 07-10 minus B: 2nd guard 07-09,max_queue_veh,1.0,30,True,30,0.0,0.0,0.0,2.045229642132703,0.0,0.0,0.0
0.8,A: 1 guard,guard_utilization,0.01,30,True,30,0.04635969998941149,0.005025193998228784,0.0009174707028898269,2.045229642132703,0.0018764382773386002,0.04448326171207289,0.048236138266750085
0.8,B: 2nd guard 07-09,guard_utilization,0.01,30,True,30,0.039736871988700344,0.004307311923356709,0.0007864039675444776,2.045229642132703,0.0016083767051127296,0.03812849528358762,0.04134524869381307
0.8,C: 2nd guard 07-10,guard_utilization,0.01,30,True,30,0.037087759991529176,0.004020155198583029,0.0007339765623118618,2.045229642132703,0.0015011506218708807,0.035586609369658295,0.03858891061340006
0.8,B: 2nd guard 07-09 minus A: 1 guard,guard_utilization,0.01,30,True,30,-0.006622828000711135,0.0007178820794521887,0.00013106673618155988,2.045229642132703,0.0002680615739361131,-0.006890889574647248,-0.006354766426775022
0.8,C: 2nd guard 07-10 minus A: 1 guard,guard_utilization,0.01,30,True,30,-0.009271939997882296,0.0010050387996457556,0.00018349414057796518,2.045229642132703,0.0003752876554677196,-0.009647227653350016,-0.008896652342414576
0.8,C: 2nd guard 07-10 minus B: 2nd guard 07-09,guard_utilization,0.01,30,True,30,-0.0026491119971711655,0.00028715673393378245,5.242740690501395e-05,2.045229642132703,0.00010722608666228727,-0.002756338083833453,-0.002541885910508878
0.8,A: 1 guard,spillover_min,1.0,30,True,30,0.0,0.0,0.0,2.045229642132703,0.0,0.0,0.0
0.8,B: 2nd guard 07-09,spillover_min,1.0,30,True,30,0.0,0.0,0.0,2.045229642132703,0.0,0.0,0.0
0.8,C: 2nd guard 07-10,spillover_min,1.0,30,True,30,0.0,0.0,0.0,2.045229642132703,0.0,0.0,0.0
0.8,B: 2nd guard 07-09 minus A: 1 guard,spillover_min,1.0,30,True,30,0.0,0.0,0.0,2.045229642132703,0.0,0.0,0.0
0.8,C: 2nd guard 07-10 minus A: 1 guard,spillover_min,1.0,30,True,30,0.0,0.0,0.0,2.045229642132703,0.0,0.0,0.0
0.8,C: 2nd guard 07-10 minus B: 2nd guard 07-09,spillover_min,1.0,30,True,30,0.0,0.0,0.0,2.045229642132703,0.0,0.0,0.0
0.8,A: 1 guard,avg_delay_morning_sec,1.0,30,True,30,2.8613755354551613,1.0400361070349866,0.18988374548097317,2.045229642132703,0.388355864816868,2.473019670638293,3.2497314002720294
0.8,B: 2nd guard 07-09,avg_delay_morning_sec,1.0,30,True,30,1.9070983201274534,0.7832779423145662,0.14300633260063939,2.045229642132703,0.29248079044751596,1.6146175296799374,2.1995791105749696
0.8,C: 2nd guard 07-10,avg_delay_morning_sec,1.0,30,True,30,1.7440295547059081,0.7530193414868772,0.13748189319001614,2.045229642132703,0.2811820432087432,1.462847511497165,2.025211597914651
0.8,B: 2nd guard 07-09 minus A: 1 guard,avg_delay_morning_sec,1.0,30,True,30,-0.9542772153277084,0.34229109130547625,0.06249351731368993,2.045229642132703,0.12781359405109194,-1.0820908093788004,-0.8264636212766164
0.8,C: 2nd guard 07-10 minus A: 1 guard,avg_delay_morning_sec,1.0,30,True,30,-1.1173459807492532,0.34455013052513883,0.06290595955998927,2.045229642132703,0.12865713315889116,-1.2460031139081442,-0.988688847590362
0.8,C: 2nd guard 07-10 minus B: 2nd guard 07-09,avg_delay_morning_sec,1.0,30,True,30,-0.16306876542154483,0.1142154924058156,0.020852800535741733,2.045229642132703,0.0426487657771797,-0.20571753119872455,-0.12041999964436513
0.8,A: 1 guard,avg_initial_wait_sec,1.0,30,True,30,1.8894768077398332,0.5697100327901417,0.10401434539872281,2.045229642132703,0.21273322241649723,1.676743585323336,2.1022100301563302
0.8,B: 2nd guard 07-09,avg_initial_wait_sec,1.0,30,True,30,0.8983807721166358,0.35919708810164663,0.06558011591448079,2.045229642132703,0.13412639700279472,0.7642543751138411,1.0325071691194305
0.8,C: 2nd guard 07-10,avg_initial_wait_sec,1.0,30,True,30,0.7250506061889913,0.3151915437503128,0.05754583948230759,2.045229642132703,0.11769445669062592,0.6073561494983654,0.8427450628796173
0.8,B: 2nd guard 07-09 minus A: 1 guard,avg_initial_wait_sec,1.0,30,True,30,-0.9910960356231971,0.32194178084956515,0.05877825852489718,2.045229642132703,0.12021503664805896,-1.111311072271256,-0.8708809989751382
0.8,C: 2nd guard 07-10 minus A: 1 guard,avg_initial_wait_sec,1.0,30,True,30,-1.1644262015508418,0.349825028497752,0.06386901976270211,2.045229642132703,0.13062681243263777,-1.2950530139834795,-1.033799389118204
0.8,C: 2nd guard 07-10 minus B: 2nd guard 07-09,avg_initial_wait_sec,1.0,30,True,30,-0.17333016592764455,0.11776707111921034,0.02150122712776889,2.045229642132703,0.043974947063940735,-0.21730511299158528,-0.12935521886370382
1.0,A: 1 guard,avg_delay_sec,1.0,30,True,30,2.568604356508627,0.7035729418438046,0.12845425703270738,2.045229642132703,0.26271845414142636,2.305885902367201,2.8313228106500534
1.0,B: 2nd guard 07-09,avg_delay_sec,1.0,30,True,30,1.7991779685002491,0.4825258358356336,0.08809676162207039,2.045229642132703,0.18017810824535707,1.618999860254892,1.9793560767456062
1.0,C: 2nd guard 07-10,avg_delay_sec,1.0,30,True,30,1.6964835797087336,0.4633242170551734,0.08459104170651276,2.045229642132703,0.17300810595704363,1.52347547375169,1.8694916856657773
1.0,B: 2nd guard 07-09 minus A: 1 guard,avg_delay_sec,1.0,30,True,30,-0.7694263880083773,0.3078482572658924,0.05620514493106097,2.045229642132703,0.11495242845337053,-0.8843788164617478,-0.6544739595550068
1.0,C: 2nd guard 07-10 minus A: 1 guard,avg_delay_sec,1.0,30,True,30,-0.8721207767998924,0.3002223721719259,0.05481285516875835,2.045229642132703,0.11210487616107132,-0.9842256529609638,-0.7600159006388211
1.0,C: 2nd guard 07-10 minus B: 2nd guard 07-09,avg_delay_sec,1.0,30,True,30,-0.10269438879151518,0.06299783853749663,0.011501779080351722,2.045229642132703,0.02352377951239716,-0.12621816830391236,-0.07917060927911802
1.0,A: 1 guard,max_queue_veh,1.0,30,True,30,3.5,1.0747894741730137,0.19622881319122526,2.045229642132703,0.40133298537921464,3.0986670146207853,3.9013329853792147
1.0,B: 2nd guard 07-09,max_queue_veh,1.0,30,True,30,3.566666666666667,1.072648457158112,0.19583791875287057,2.045229642132703,0.40053351648694685,3.16613315017972,3.9672001831536137
1.0,C: 2nd guard 07-10,max_queue_veh,1.0,30,True,30,3.6,1.1325893433586842,0.20678157724917173,2.045229642132703,0.42291581123695937,3.1770841887630406,4.02291581123696
1.0,B: 2nd guard 07-09 minus A: 1 guard,max_queue_veh,1.0,30,True,30,0.06666666666666667,0.3651483716701107,0.06666666666666667,2.045229642132703,0.13634864280884687,-0.0696819761421802,0.20301530947551355
1.0,C: 2nd guard 07-10 minus A: 1 guard,max_queue_veh,1.0,30,True,30,0.1,0.40257789993644877,0.07350033231608352,2.045229642132703,0.15032505835945825,-0.05032505835945825,0.2503250583594583
1.0,C: 2nd guard 07-10 minus B: 2nd guard 07-09,max_queue_veh,1.0,30,True,30,0.03333333333333333,0.18257418583505533,0.033333333333333326,2.045229642132703,0.06817432140442342,-0.03484098807109009,0.10150765473775675
1.0,A: 1 guard,guard_utilization,0.01,30,True,30,0.05787254881670848,0.005339360259689497,0.0009748293522928597,2.045229642132703,0.00199374988733038,0.0558787989293781,0.05986629870403886
1.0,B: 2nd guard 07-09,guard_utilization,0.01,30,True,30,0.04960504184289298,0.0045765945083052805,0.0008355680162510221,2.045229642132703,0.0017089284748546105,0.04789611336803837,0.05131397031774759
1.0,C: 2nd guard 07-10,guard_utilization,0.01,30,True,30,0.04629798094992691,0.004271513899139568,0.0007798681724185294,2.045229642132703,0.0015950095031862339,0.04470297144674067,0.04789299045311315
1.0,B: 2nd guard 07-09 minus A: 1 guard,guard_utilization,0.01,30,True,30,-0.008267506973815496,0.0007627657513842164,0.00013926133604183757,2.045229642132703,0.0002848214124757695,-0.008552328386291266,-0.007982685561339726
1.0,C: 2nd guard 07-10 minus A: 1 guard,guard_utilization,0.01,30,True,30,-0.011574567866781566,0.001067846419441969,0.0001949611906264965,2.045229642132703,0.00039874040613479514,-0.011973308272916362,-0.01117582746064677
1.0,C: 2nd guard 07-10 minus B: 2nd guard 07-09,guard_utilization,0.01,30,True,30,-0.0033070608929660693,0.00030508078585241423,5.569987609092341e-05,2.045229642132703,0.00011391903764427518,-0.0034209799306103446,-0.003193141855321794
1.0,A: 1 guard,spillover_min,1.0,30,True,30,0.0,0.0,0.0,2.045229642132703,0.0,0.0,0.0
1.0,B: 2nd guard 07-09,spillover_min,1.0,30,True,30,0.0,0.0,0.0,2.045229642132703,0.0,0.0,0.0
1.0,C: 2nd guard 07-10,spillover_min,1.0,30,True,30,0.0,0.0,0.0,2.045229642132703,0.0,0.0,0.0
1.0,B: 2nd guard 07-09 minus A: 1 guard,spillover_min,1.0,30,True,30,0.0,0.0,0.0,2.045229642132703,0.0,0.0,0.0
1.0,C: 2nd guard 07-10 minus A: 1 guard,spillover_min,1.0,30,True,30,0.0,0.0,0.0,2.045229642132703,0.0,0.0,0.0
1.0,C: 2nd guard 07-10 minus B: 2nd guard 07-09,spillover_min,1.0,30,True,30,0.0,0.0,0.0,2.045229642132703,0.0,0.0,0.0
1.0,A: 1 guard,avg_delay_morning_sec,1.0,30,True,30,3.97839286889787,1.274424622939284,0.2326770379412872,2.045229642132703,0.47587797504115614,3.5025148938567137,4.454270843939026
1.0,B: 2nd guard 07-09,avg_delay_morning_sec,1.0,30,True,30,2.5408911358656767,0.8834771217722679,0.1613001162114699,2.045229642132703,0.329895778955148,2.2109953569105287,2.8707869148208247
1.0,C: 2nd guard 07-10,avg_delay_morning_sec,1.0,30,True,30,2.3466509852081097,0.8329666389207606,0.1520782059287204,2.045229642132703,0.3110348546877803,2.0356161305203293,2.65768583989589
1.0,B: 2nd guard 07-09 minus A: 1 guard,avg_delay_morning_sec,1.0,30,True,30,-1.4375017330321929,0.5606609168250527,0.1023622104188697,2.045229642132703,0.20935422698289732,-1.6468559600150903,-1.2281475060492955
1.0,C: 2nd guard 07-10 minus A: 1 guard,avg_delay_morning_sec,1.0,30,True,30,-1.6317418836897606,0.5500545154802933,0.1004257553287104,2.045229642132703,0.20539373163184477,-1.8371356153216054,-1.4263481520579158
1.0,C: 2nd guard 07-10 minus B: 2nd guard 07-09,avg_delay_morning_sec,1.0,30,True,30,-0.1942401506575673,0.12529687769188108,0.0228759754322697,2.045229642132703,0.04678662304677746,-0.24102677370434478,-0.14745352761078984
1.0,A: 1 guard,avg_initial_wait_sec,1.0,30,True,30,2.568604356508627,0.7035729418437947,0.12845425703270558,2.045229642132703,0.2627184541414227,2.3058859023672045,2.83132281065005
1.0,B: 2nd guard 07-09,avg_initial_wait_sec,1.0,30,True,30,1.2529877012097956,0.400684058414781,0.0731545657421644,2.045229642132703,0.1496178863132202,1.1033698148965754,1.402605587523016
1.0,C: 2nd guard 07-10,avg_initial_wait_sec,1.0,30,True,30,1.003743894478774,0.39163612915341706,0.07150264742377771,2.045229642132703,0.14623933400207373,0.8575045604767002,1.1499832284808478
1.0,B: 2nd guard 07-09 minus A: 1 guard,avg_initial_wait_sec,1.0,30,True,30,-1.315616655298831,0.4057063928922403,0.07407151437037787,2.045229642132703,0.1514932568279553,-1.4671099121267863,-1.1641233984708759
1.0,C: 2nd guard 07-10 minus A: 1 guard,avg_initial_wait_sec,1.0,30,True,30,-1.564860462029853,0.40046833872341103,0.07311518089514395,2.045229642132703,0.1495373352566431,-1.714397797286496,-1.4153231267732098
1.0,C: 2nd guard 07-10 minus B: 2nd guard 07-09,avg_initial_wait_sec,1.0,30,True,30,-0.2492438067310218,0.13731820811841575,0.025070760047548445,2.045229642132703,0.05127546160004237,-0.3005192683310642,-0.19796834513097944
1.2,A: 1 guard,avg_delay_sec,1.0,30,True,30,3.205682640737432,0.8473079199458071,0.1546965536357,2.045229642132703,0.31638997703150523,2.889292663705927,3.522072617768937
1.2,B: 2nd guard 07-09,avg_delay_sec,1.0,30,True,30,2.1918921443374466,0.5347035807149431,0.09762307091211954,2.045229642132703,0.19966159838548972,1.992230545951957,2.3915537427229365
1.2,C: 2nd guard 07-10,avg_delay_sec,1.0,30,True,30,2.042777681464104,0.5363539207773956,0.0979243804053728,2.045229642132703,0.20027784549254726,1.8424998359715565,2.2430555269566512
1.2,B: 2nd guard 07-09 minus A: 1 guard,avg_delay_sec,1.0,30,True,30,-1.0137904963999849,0.41070737035549676,0.07498456375911138,2.045229642132703,0.1533606525025242,-1.167151148902509,-0.8604298438974607
1.2,C: 2nd guard 07-10 minus A: 1 guard,avg_delay_sec,1.0,30,True,30,-1.1629049592733276,0.40472361574080756,0.07389208463209775,2.045229642132703,0.15112628180854468,-1.3140312410818722,-1.011778677464783
1.2,C: 2nd guard 07-10 minus B: 2nd guard 07-09,avg_delay_sec,1.0,30,True,30,-0.14911446287334265,0.18922816194152015,0.03454817760353705,2.045229642132703,0.07065895691641914,-0.21977341978976178,-0.07845550595692351
1.2,A: 1 guard,max_queue_veh,1.0,30,True,30,4.166666666666667,1.2340942045675147,0.22531374464267426,2.045229642132703,0.4608183493231159,3.705848317343551,4.627485015989783
1.2,B: 2nd guard 07-09,max_queue_veh,1.0,30,True,30,4.166666666666667,1.3666806839763352,0.249520613173476,2.045229642132703,0.510326954385521,3.656339712281146,4.676993621052188
1.2,C: 2nd guard 07-10,max_queue_veh,1.0,30,True,30,4.133333333333334,1.3829836145670416,0.25249710745279963,2.045229642132703,0.5164145687152321,3.616918764618102,4.649747902048566
1.2,B: 2nd guard 07-09 minus A: 1 guard,max_queue_veh,1.0,30,True,30,0.0,0.5252257314388902,0.09589266029707681,2.045229642132703,0.19612251130254327,-0.19612251130254327,0.19612251130254327
1.2,C: 2nd guard 07-10 minus A: 1 guard,max_queue_veh,1.0,30,True,30,-0.03333333333333333,0.5560534167675356,0.10152099984713354,2.045229642132703,0.20763375818630714,-0.24096709151964046,0.1743004248529738
1.2,C: 2nd guard 07-10 minus B: 2nd guard 07-09,max_queue_veh,1.0,30,True,30,-0.03333333333333333,0.18257418583505533,0.033333333333333326,2.045229642132703,0.06817432140442342,-0.10150765473775675,0.03484098807109009
1.2,A: 1 guard,guard_utilization,0.01,30,True,30,0.06859609378787596,0.006169953702120449,0.0011264742738046267,2.045229642132703,0.002303898575885133,0.06629219521199083,0.07089999236376109
1.2,B: 2nd guard 07-09,guard_utilization,0.01,30,True,30,0.05879665181817938,0.005288531744674671,0.0009655493775468229,2.045229642132703,0.0019747702079015426,0.05682188161027783,0.06077142202608092
1.2,C: 2nd guard 07-10,guard_utilization,0.01,30,True,30,0.05487687503030076,0.004935962961696352,0.0009011794190437001,2.045229642132703,0.0018431188607081039,0.053033756169592654,0.05671999389100887
1.2,B: 2nd guard 07-09 minus A: 1 guard,guard_utilization,0.01,30,True,30,-0.009799441969696565,0.000881421957445778,0.00016092489625780374,2.045229642132703,0.0003291283679835903,-0.010128570337680155,-0.009470313601712976
1.2,C: 2nd guard 07-10 minus A: 1 guard,guard_utilization,0.01,30,True,30,-0.013719218757575194,0.0012339907404240965,0.00022529485476092658,2.045229642132703,0.00046077971517702917,-0.014179998472752222,-0.013258439042398165
1.2,C: 2nd guard 07-10 minus B: 2nd guard 07-09,guard_utilization,0.01,30,True,30,-0.003919776787878626,0.00035256878297831846,6.436995850312283e-05,2.045229642132703,0.00013165134719343884,-0.004051428135072065,-0.003788125440685187
1.2,A: 1 guard,spillover_min,1.0,30,True,30,0.0,0.0,0.0,2.045229642132703,0.0,0.0,0.0
1.2,B: 2nd guard 07-09,spillover_min,1.0,30,True,30,0.0,0.0,0.0,2.045229642132703,0.0,0.0,0.0
1.2,C: 2nd guard 07-10,spillover_min,1.0,30,True,30,0.0,0.0,0.0,2.045229642132703,0.0,0.0,0.0
1.2,B: 2nd guard 07-09 minus A: 1 guard,spillover_min,1.0,30,True,30,0.0,0.0,0.0,2.045229642132703,0.0,0.0,0.0
1.2,C: 2nd guard 07-10 minus A: 1 guard,spillover_min,1.0,30,True,30,0.0,0.0,0.0,2.045229642132703,0.0,0.0,0.0
1.2,C: 2nd guard 07-10 minus B: 2nd guard 07-09,spillover_min,1.0,30,True,30,0.0,0.0,0.0,2.045229642132703,0.0,0.0,0.0
1.2,A: 1 guard,avg_delay_morning_sec,1.0,30,True,30,5.100503929567865,1.5215619069539295,0.2777979263597479,2.045229642132703,0.5681605535139542,4.532343376053911,5.66866448308182
1.2,B: 2nd guard 07-09,avg_delay_morning_sec,1.0,30,True,30,3.188685575649059,0.9503197225997115,0.173503849636638,2.045229642132703,0.3548552163009875,2.8338303593480716,3.5435407919500466
1.2,C: 2nd guard 07-10,avg_delay_morning_sec,1.0,30,True,30,2.9069989635051825,0.9084526490797541,0.16586000277543536,2.045229642132703,0.33922179412053277,2.56777716938465,3.246220757625715
1.2,B: 2nd guard 07-09 minus A: 1 guard,avg_delay_morning_sec,1.0,30,True,30,-1.9118183539188054,0.7661235495774849,0.13987438331317198,2.045229642132703,0.28607523492713127,-2.1978935888459366,-1.6257431189916742
1.2,C: 2nd guard 07-10 minus A: 1 guard,avg_delay_morning_sec,1.0,30,True,30,-2.193504966062682,0.7530262114336626,0.1374831474649572,2.045229642132703,0.2811846084890321,-2.4746895745517143,-1.91232035757365
1.2,C: 2nd guard 07-10 minus B: 2nd guard 07-09,avg_delay_morning_sec,1.0,30,True,30,-0.2816866121438764,0.35767219627927466,0.06530171003152468,2.045229642132703,0.13355699303842877,-0.4152436051823052,-0.14812961910544764
1.2,A: 1 guard,avg_initial_wait_sec,1.0,30,True,30,3.2056826407374355,0.8473079199458146,0.15469655363570137,2.045229642132703,0.316389977031508,2.8892926637059273,3.5220726177689436
1.2,B: 2nd guard 07-09,avg_initial_wait_sec,1.0,30,True,30,1.557088927107313,0.49616940073179494,0.09058772437487479,2.045229642132703,0.1852726991048411,1.371816228002472,1.742361626212154
1.2,C: 2nd guard 07-10,avg_initial_wait_sec,1.0,30,True,30,1.2762997883776532,0.4861349125870414,0.0887556858715749,2.045229642132703,0.18152575965236373,1.0947740287252894,1.457825548030017
1.2,B: 2nd guard 07-09 minus A: 1 guard,avg_initial_wait_sec,1.0,30,True,30,-1.6485937136301227,0.4845321852943058,0.08846306924098807,2.045229642132703,0.18092729144570655,-1.8295210050758293,-1.4676664221844162
1.2,C: 2nd guard 07-10 minus A: 1 guard,avg_initial_wait_sec,1.0,30,True,30,-1.929382852359782,0.47010441788247503,0.08582893135235552,2.045229642132703,0.1755398745544104,-2.1049227269141926,-1.7538429778053717
1.2,C: 2nd guard 07-10 minus B: 2nd guard 07-09,avg_initial_wait_sec,1.0,30,True,30,-0.28078913872965966,0.2475829617227022,0.04520225766315403,2.045229642132703,0.09244899726400274,-0.3732381359936624,-0.18834014146565692
