family,selected,configuration,measure,mean,ci_low,ci_high
exponential,False,1 booth all day,avg_wait_min,3.408828592585796,2.7775953131982822,4.04006187197331
exponential,False,1 booth all day,spillover_min,76.18893598610212,68.02869620874986,84.34917576345438
exponential,False,2 booths 07:00-09:00,avg_wait_min,0.18779982193360695,0.16614126397225337,0.20945837989496052
exponential,False,2 booths 07:00-09:00,spillover_min,1.7528745973930693,0.6267194584279703,2.8790297363581683
lognormal,True,1 booth all day,avg_wait_min,2.720262761545377,2.320174615638894,3.12035090745186
lognormal,True,1 booth all day,spillover_min,71.18920854864135,64.83583998263265,77.54257711465004
lognormal,True,2 booths 07:00-09:00,avg_wait_min,0.11252409688389158,0.10169442314501775,0.1233537706227654
lognormal,True,2 booths 07:00-09:00,spillover_min,0.3338527433965358,0.03125592649970094,0.6364495602933706
triangular,False,1 booth all day,avg_wait_min,5.555488898764114,4.864730143754301,6.246247653773928
triangular,False,1 booth all day,spillover_min,105.12617885187582,98.16576346560001,112.08659423815163
triangular,False,2 booths 07:00-09:00,avg_wait_min,0.17507125505738558,0.15760817991587142,0.19253433019889973
triangular,False,2 booths 07:00-09:00,spillover_min,1.2006607672835377,0.4678707655641233,1.933450769002952
