arrival_scale,service_scale,measure,mean_1booth,mean_2booths,diff,diff_ci_low,diff_ci_high
0.8,0.85,avg_wait_min,0.3300227470082366,0.04736441216374946,0.2826583348444871,0.22810241592439792,0.33721425376457626
0.8,0.85,spillover_min,6.620422996640337,0.0,6.620422996640337,3.758036774775998,9.482809218504675
0.8,0.85,max_queue_veh,7.466666666666667,3.2666666666666666,4.2,3.115103872782165,5.284896127217835
0.8,1.0,avg_wait_min,0.7303482228594732,0.07299203774499956,0.6573561851144737,0.5195092947267432,0.7952030755022041
0.8,1.0,spillover_min,19.207421187136347,0.0,19.207421187136347,14.368282056818856,24.04656031745384
0.8,1.0,max_queue_veh,11.133333333333333,3.433333333333333,7.7,6.032526086863348,9.367473913136653
0.8,1.15,avg_wait_min,1.672886456780887,0.10889136824258545,1.5639950885383014,1.2822223327845288,1.845767844292074
0.8,1.15,spillover_min,45.88683618561786,0.0390096193045063,45.84782656631334,39.5058224444397,52.18983068818697
0.8,1.15,max_queue_veh,17.466666666666665,3.8333333333333335,13.633333333333333,11.627307446277324,15.639359220389341
0.9,0.85,avg_wait_min,0.5494819874055162,0.05704476359448438,0.49243722381103194,0.3916401596943824,0.5932342879276815
0.9,0.85,spillover_min,15.7149770710005,0.0,15.7149770710005,11.519071642583228,19.910882499417774
0.9,0.85,max_queue_veh,10.633333333333333,3.3666666666666667,7.266666666666667,5.631854850667855,8.901478482665478
0.9,1.0,avg_wait_min,1.4459611726254367,0.0918347867121262,1.3541263859133101,1.1060908525850175,1.6021619192416028
0.9,1.0,spillover_min,43.45047838546402,0.04210792534606445,43.40837046011794,37.55374541181063,49.262995508425256
0.9,1.0,max_queue_veh,17.766666666666666,3.966666666666667,13.8,11.617393465464637,15.982606534535364
0.9,1.15,avg_wait_min,3.377971437361707,0.14272901822914144,3.235242419132565,2.709743298157037,3.7607415401080933
0.9,1.15,spillover_min,78.21189648078656,0.6351441530330583,77.57675232775351,69.87568381981872,85.2778208356883
0.9,1.15,max_queue_veh,26.733333333333334,4.733333333333333,22.0,19.310903606293028,24.689096393706972
1.0,0.85,avg_wait_min,1.0103754291627245,0.0690512279908473,0.9413242011718774,0.7706882854774232,1.1119601168663318
1.0,0.85,spillover_min,34.58617869140174,0.005103745033220264,34.58107494636852,29.509801747241216,39.65234814549582
1.0,0.85,max_queue_veh,16.333333333333332,3.7333333333333334,12.6,10.608125087211445,14.591874912788555
1.0,1.0,avg_wait_min,2.720262761545377,0.11252409688389158,2.6077386646614857,2.2086645242696648,3.0068128050533067
1.0,1.0,spillover_min,71.18920854864135,0.3338527433965358,70.85535580524483,64.50494166568645,77.20576994480321
1.0,1.0,max_queue_veh,26.8,4.633333333333334,22.166666666666668,19.564653546882788,24.768679786450548
1.0,1.15,avg_wait_min,5.861894200098132,0.178155961324916,5.683738238773217,4.98280759217051,6.384668885375924
1.0,1.15,spillover_min,107.71809980314227,1.3014300224195112,106.41666978072273,99.63111459321395,113.2022249682315
1.0,1.15,max_queue_veh,38.766666666666666,5.6,33.166666666666664,30.145674331157693,36.187659002175636
1.1,0.85,avg_wait_min,1.794549555109373,0.08569052491172434,1.7088590301976485,1.4244024430174476,1.9933156173778495
1.1,0.85,spillover_min,56.005121446318455,0.24874184384923292,55.75637960246923,49.62342521728237,61.889333987656094
1.1,0.85,max_queue_veh,23.6,4.133333333333334,19.466666666666665,17.067203052275616,21.866130281057714
1.1,1.0,avg_wait_min,4.667908383703788,0.141668080369541,4.526240303334247,3.914980620106391,5.137499986562103
1.1,1.0,spillover_min,98.36596576320217,0.9690869480659646,97.39687881513622,90.2652510825196,104.52850654775284
1.1,1.0,max_queue_veh,37.766666666666666,5.333333333333333,32.43333333333333,29.16967068915812,35.69699597750854
1.1,1.15,avg_wait_min,8.946116168176399,0.229804918234552,8.716311249941846,7.776099412137382,9.65652308774631
1.1,1.15,spillover_min,131.90872354861995,2.8894084498038923,129.01931509881607,122.74853983366285,135.29009036396928
1.1,1.15,max_queue_veh,52.266666666666666,6.733333333333333,45.53333333333333,41.52631796067205,49.54034870599461
1.2,0.85,avg_wait_min,2.8760118410909565,0.10166242413125945,2.7743494169596983,2.3586317056631176,3.190067128256279
1.2,0.85,spillover_min,77.91379889001105,0.7228468236606305,77.19095206635043,70.15220550080366,84.22969863189721
1.2,0.85,max_queue_veh,31.866666666666667,5.1,26.766666666666666,23.520730478651586,30.012602854681745
1.2,1.0,avg_wait_min,6.949737502692404,0.17170902727770365,6.7780284754146995,6.03483344370156,7.521223507127839
1.2,1.0,spillover_min,121.40225652564287,2.072039852090991,119.33021667355189,113.65551544624799,125.00491790085579
1.2,1.0,max_queue_veh,49.666666666666664,6.3,43.36666666666667,39.4917164567402,47.241616876593135
1.2,1.15,avg_wait_min,12.282839033007512,0.3061223955158235,11.976716637491686,10.861640124055223,13.091793150928149
1.2,1.15,spillover_min,159.26759357404606,7.89846548160705,151.36912809243893,143.50935393967862,159.22890224519924
1.2,1.15,max_queue_veh,66.86666666666666,8.333333333333334,58.53333333333333,53.79408922024526,63.2725774464214
