demand,configuration,days,spillover_days,p_hat,ci_low,ci_high
0.8,A: 1 guard,30,0,0.0,0.0,0.11351339317396876
0.8,B: 2nd guard 07-09,30,0,0.0,0.0,0.11351339317396876
0.8,C: 2nd guard 07-10,30,0,0.0,0.0,0.11351339317396876
1.0,A: 1 guard,30,0,0.0,0.0,0.11351339317396876
1.0,B: 2nd guard 07-09,30,0,0.0,0.0,0.11351339317396876
1.0,C: 2nd guard 07-10,30,0,0.0,0.0,0.11351339317396876
1.2,A: 1 guard,30,0,0.0,0.0,0.11351339317396876
1.2,B: 2nd guard 07-09,30,0,0.0,0.0,0.11351339317396876
1.2,C: 2nd guard 07-10,30,0,0.0,0.0,0.11351339317396876
