demand,configuration,measure,label,unit,scheduled_guard_hours,n,mean,sd,se,t,half_width,ci_low,ci_high
0.8,A: 1 guard,avg_delay_sec,Average total delay,seconds,12.0,30,0.3000225999942379,0.2840148024745186,0.0518537713268893,2.045229642132703,0.10605287017412482,0.1939697298201131,0.40607547016836276
0.8,A: 1 guard,max_queue_veh,Daily maximum approach queue,cars,12.0,30,1.1,0.3051285766293647,0.05570860145311556,2.045229642132703,0.11393688301366892,0.9860631169863312,1.213936883013669
0.8,A: 1 guard,guard_utilization,Guard utilization,fraction,12.0,30,0.011802034685335248,0.0031467080134064108,0.00057450765360832,2.045229642132703,0.001175000082791843,0.010627034602543405,0.012977034768127092
0.8,A: 1 guard,spillover_min,Spillover duration,minutes,12.0,30,0.0,0.0,0.0,2.045229642132703,0.0,0.0,0.0
0.8,B: 2nd guard 07-09,avg_delay_sec,Average total delay,seconds,14.0,30,0.20770618651464798,0.24706910891851497,0.04510844140579049,2.045229642132703,0.09225712147352888,0.1154490650411191,0.29996330798817683
0.8,B: 2nd guard 07-09,max_queue_veh,Daily maximum approach queue,cars,14.0,30,1.1333333333333333,0.34574590364176044,0.06312427686319992,2.045229642132703,0.12910364217880804,1.0042296911545252,1.2624369755121414
0.8,B: 2nd guard 07-09,guard_utilization,Guard utilization,fraction,14.0,30,0.010115903472215812,0.002697184554552121,0.00049243627409424,2.045229642132703,0.0010071452646389241,0.009108758207576888,0.011123048736854737
0.8,B: 2nd guard 07-09,spillover_min,Spillover duration,minutes,14.0,30,0.0,0.0,0.0,2.045229642132703,0.0,0.0,0.0
0.8,C: 2nd guard 07-10,avg_delay_sec,Average total delay,seconds,15.0,30,0.19429523906859594,0.23472403212144466,0.04285454906049414,2.045229642132703,0.0876473940387528,0.10664784502984315,0.28194263310734874
0.8,C: 2nd guard 07-10,max_queue_veh,Daily maximum approach queue,cars,15.0,30,1.1333333333333333,0.34574590364176044,0.06312427686319992,2.045229642132703,0.12910364217880804,1.0042296911545252,1.2624369755121414
0.8,C: 2nd guard 07-10,guard_utilization,Guard utilization,fraction,15.0,30,0.009441627748268198,0.002517366410725128,0.00045960612288665587,2.045229642132703,0.0009400000662334743,0.008501627682034725,0.010381627814501672
0.8,C: 2nd guard 07-10,spillover_min,Spillover duration,minutes,15.0,30,0.0,0.0,0.0,2.045229642132703,0.0,0.0,0.0
1.0,A: 1 guard,avg_delay_sec,Average total delay,seconds,12.0,30,0.43604977427511205,0.3433463523211915,0.06268618073447761,2.045229642132703,0.1282076349902416,0.3078421392848705,0.5642574092653536
1.0,A: 1 guard,max_queue_veh,Daily maximum approach queue,cars,12.0,30,1.1333333333333333,0.34574590364176044,0.06312427686319992,2.045229642132703,0.12910364217880804,1.0042296911545252,1.2624369755121414
1.0,A: 1 guard,guard_utilization,Guard utilization,fraction,12.0,30,0.014172767714021539,0.002983988408193876,0.0005447992541672398,2.045229642132703,0.0011142395836346273,0.013058528130386911,0.015287007297656167
1.0,A: 1 guard,spillover_min,Spillover duration,minutes,12.0,30,0.0,0.0,0.0,2.045229642132703,0.0,0.0,0.0
1.0,B: 2nd guard 07-09,avg_delay_sec,Average total delay,seconds,14.0,30,0.31002936714792967,0.2808551094223558,0.051276892940402,2.045229642132703,0.1048730213981753,0.2051563457497544,0.41490238854610495
1.0,B: 2nd guard 07-09,max_queue_veh,Daily maximum approach queue,cars,14.0,30,1.1666666666666667,0.3790490217894517,0.06920456654478331,2.045229642132703,0.141539230868336,1.0251274357983307,1.3082058975350028
1.0,B: 2nd guard 07-09,guard_utilization,Guard utilization,fraction,14.0,30,0.012148086612018463,0.002557704349880465,0.0004669707892862055,2.045229642132703,0.0009550625002582519,0.011193024111760212,0.013103149112276714
1.0,B: 2nd guard 07-09,spillover_min,Spillover duration,minutes,14.0,30,0.0,0.0,0.0,2.045229642132703,0.0,0.0,0.0
1.0,C: 2nd guard 07-10,avg_delay_sec,Average total delay,seconds,15.0,30,0.2910028893017394,0.2655200022153158,0.04847709822738338,2.045229642132703,0.09914679825922319,0.19185609104251622,0.3901496875609626
1.0,C: 2nd guard 07-10,max_queue_veh,Daily maximum approach queue,cars,15.0,30,1.1666666666666667,0.3790490217894517,0.06920456654478331,2.045229642132703,0.141539230868336,1.0251274357983307,1.3082058975350028
1.0,C: 2nd guard 07-10,guard_utilization,Guard utilization,fraction,15.0,30,0.011338214171217229,0.0023871907265551008,0.0004358394033337918,2.045229642132703,0.0008913916669077018,0.010446822504309528,0.01222960583812493
1.0,C: 2nd guard 07-10,spillover_min,Spillover duration,minutes,15.0,30,0.0,0.0,0.0,2.045229642132703,0.0,0.0,0.0
1.2,A: 1 guard,avg_delay_sec,Average total delay,seconds,12.0,30,0.5822828361695269,0.4026632363536519,0.07351591254297647,2.045229642132703,0.15035692350133087,0.431925912668196,0.7326397596708578
1.2,A: 1 guard,max_queue_veh,Daily maximum approach queue,cars,12.0,30,1.3333333333333333,0.5466722735905339,0.09980824526939037,2.045229642132703,0.20413078175420832,1.1292025515791249,1.5374641150875417
1.2,A: 1 guard,guard_utilization,Guard utilization,fraction,12.0,30,0.017265308136392377,0.0032657342124062082,0.0005962387649837492,2.045229642132703,0.0012194451959333583,0.016045862940459017,0.018484753332325736
1.2,A: 1 guard,spillover_min,Spillover duration,minutes,12.0,30,0.0,0.0,0.0,2.045229642132703,0.0,0.0,0.0
1.2,B: 2nd guard 07-09,avg_delay_sec,Average total delay,seconds,14.0,30,0.43862079041659985,0.33188651261092783,0.060593909829575986,2.045229642132703,0.12392846051616496,0.3146923299004349,0.5625492509327648
1.2,B: 2nd guard 07-09,max_queue_veh,Daily maximum approach queue,cars,14.0,30,1.4,0.563241847975046,0.10283342182227605,2.045229642132703,0.21031796251285492,1.189682037487145,1.6103179625128548
1.2,B: 2nd guard 07-09,guard_utilization,Guard utilization,fraction,14.0,30,0.014798835545479177,0.002799200753491036,0.0005110617985574995,2.045229642132703,0.0010452387393714501,0.013753596806107727,0.01584407428485063
1.2,B: 2nd guard 07-09,spillover_min,Spillover duration,minutes,14.0,30,0.0,0.0,0.0,2.045229642132703,0.0,0.0,0.0
1.2,C: 2nd guard 07-10,avg_delay_sec,Average total delay,seconds,15.0,30,0.4050489534713171,0.3132030310786611,0.057182788400258096,2.045229642132703,0.11695193385600994,0.28809701961530715,0.522000887327327
1.2,C: 2nd guard 07-10,max_queue_veh,Daily maximum approach queue,cars,15.0,30,1.4333333333333333,0.6260623155792925,0.11430281754889883,2.045229642132703,0.233775510630294,1.1995578227030395,1.6671088439636272
1.2,C: 2nd guard 07-10,guard_utilization,Guard utilization,fraction,15.0,30,0.0138122465091139,0.002612587369924967,0.00047699101198699946,2.045229642132703,0.0009755561567466867,0.012836690352367213,0.014787802665860588
1.2,C: 2nd guard 07-10,spillover_min,Spillover duration,minutes,15.0,30,0.0,0.0,0.0,2.045229642132703,0.0,0.0,0.0
