demand,comparison,measure,extra_guard_hours,n,mean,sd,se,t,half_width,ci_low,ci_high,bonferroni_ci_low,bonferroni_ci_high
0.8,B: 2nd guard 07-09 minus A: 1 guard,avg_delay_morning_sec,2.0,30,-0.16867659347678968,0.1691803231715386,0.030887959762355213,2.045229642132703,0.06317297089097108,-0.23184956436776077,-0.1055036225858186,-0.2471600621583523,-0.09019312479522705
0.8,B: 2nd guard 07-09 minus A: 1 guard,avg_initial_wait_sec,2.0,30,-0.19038693659785855,0.19176477939953282,0.035011298470708704,2.045229642132703,0.07160614544184882,-0.2619930820397074,-0.11878079115600973,-0.27934743020662084,-0.10142644298909624
0.8,B: 2nd guard 07-09 minus A: 1 guard,effective_guard_hours,2.0,30,2.000177029389348,0.0009696298988730339,0.00017702938934807124,2.045229642132703,0.0003620657546233267,1.9998149636347249,2.0005390951439717,1.9997272139712527,2.0006268448074436
0.8,C: 2nd guard 07-10 minus A: 1 guard,avg_delay_morning_sec,3.0,30,-0.19331303900772198,0.17860952497160082,0.03260948860407601,2.045229642132703,0.06669389270784483,-0.2600069317155668,-0.12661914629987714,-0.2761707543528104,-0.11045532366263357
0.8,C: 2nd guard 07-10 minus A: 1 guard,avg_initial_wait_sec,3.0,30,-0.21288240391375143,0.20011532703131565,0.036535892905858305,2.045229642132703,0.07472429117284735,-0.28760669508659875,-0.1381581127409041,-0.30571675194746606,-0.12004805588003682
0.8,C: 2nd guard 07-10 minus A: 1 guard,effective_guard_hours,3.0,30,3.0,0.0,0.0,2.045229642132703,0.0,3.0,3.0,3.0,3.0
0.8,C: 2nd guard 07-10 minus B: 2nd guard 07-09,avg_delay_morning_sec,1.0,30,-0.02463644553093231,0.05040653950177503,0.009202932910299133,2.045229642132703,0.01882211118270237,-0.043458556713634675,-0.005814334348229939,-0.04802025276200306,-0.001252638299861563
0.8,C: 2nd guard 07-10 minus B: 2nd guard 07-09,avg_initial_wait_sec,1.0,30,-0.022495467315892918,0.051067139255248556,0.009323541372452402,2.045229642132703,0.019068783184590276,-0.041564250500483194,-0.0034266841313026417,-0.046185729571347436,0.0011947949395615977
0.8,C: 2nd guard 07-10 minus B: 2nd guard 07-09,effective_guard_hours,1.0,30,0.9998229706106518,0.0009696298988730339,0.00017702938934807124,2.045229642132703,0.0003620657546233267,0.9994609048560286,1.0001850363652751,0.9993731551925565,1.0002727860287473
1.0,B: 2nd guard 07-09 minus A: 1 guard,avg_delay_morning_sec,2.0,30,-0.2349171393645005,0.19786730050341517,0.03612546129279127,2.045229642132703,0.0738848642717343,-0.3088020036362348,-0.1610322750927662,-0.3267086183677611,-0.14312566036123991
1.0,B: 2nd guard 07-09 minus A: 1 guard,avg_initial_wait_sec,2.0,30,-0.26641108748326586,0.22694205049789135,0.041433760101390535,2.045229642132703,0.08474155434437923,-0.3511526418276451,-0.18166953313888662,-0.37169046618927165,-0.16113170877726007
1.0,B: 2nd guard 07-09 minus A: 1 guard,effective_guard_hours,2.0,30,2.0,0.0,0.0,2.045229642132703,0.0,2.0,2.0,2.0,2.0
1.0,C: 2nd guard 07-10 minus A: 1 guard,avg_delay_morning_sec,3.0,30,-0.2700930773642915,0.20216494401477766,0.036910100057887585,2.045229642132703,0.07548963073247568,-0.34558270809676717,-0.19460344663181584,-0.3638782514001981,-0.17630790332838492
1.0,C: 2nd guard 07-10 minus A: 1 guard,avg_initial_wait_sec,3.0,30,-0.33375154962002324,0.2765327456575776,0.05048774089516468,2.045229642132703,0.10325902424310629,-0.4370105738631295,-0.23049252537691695,-0.4620362619103363,-0.20546683732971013
1.0,C: 2nd guard 07-10 minus A: 1 guard,effective_guard_hours,3.0,30,3.0,0.0,0.0,2.045229642132703,0.0,3.0,3.0,3.0,3.0
1.0,C: 2nd guard 07-10 minus B: 2nd guard 07-09,avg_delay_morning_sec,1.0,30,-0.03517593799979104,0.05790588286730872,0.01057211941955897,2.045229642132703,0.021622412017048794,-0.05679835001683983,-0.013553525982742246,-0.06203872239042406,-0.008313153609158016
1.0,C: 2nd guard 07-10 minus B: 2nd guard 07-09,avg_initial_wait_sec,1.0,30,-0.06734046213675735,0.14851288273318597,0.02711461865102848,2.045229642132703,0.055455621800207695,-0.12279608393696503,-0.01188484033654965,-0.13623621763771063,0.0015552933641959366
1.0,C: 2nd guard 07-10 minus B: 2nd guard 07-09,effective_guard_hours,1.0,30,1.0,0.0,0.0,2.045229642132703,0.0,1.0,1.0,1.0,1.0
1.2,B: 2nd guard 07-09 minus A: 1 guard,avg_delay_morning_sec,2.0,30,-0.2659301265252933,0.19539741191812188,0.035674523395228044,2.045229642132703,0.072962592716877,-0.3388927192421703,-0.1929675338084163,-0.3565758137497176,-0.175284439300869
1.2,B: 2nd guard 07-09 minus A: 1 guard,avg_initial_wait_sec,2.0,30,-0.3314677906223622,0.2614308801376819,0.04773053009327922,2.045229642132703,0.09761989498148166,-0.42908768560384386,-0.23384789564088054,-0.4527466835162781,-0.2101888977284463
1.2,B: 2nd guard 07-09 minus A: 1 guard,effective_guard_hours,2.0,30,2.0,0.0,0.0,2.045229642132703,0.0,2.0,2.0,2.0,2.0
1.2,C: 2nd guard 07-10 minus A: 1 guard,avg_delay_morning_sec,3.0,30,-0.3296211943476895,0.2134854595937447,0.03897693397295055,2.045229642132703,0.07971678072092765,-0.40933797506861713,-0.24990441362676186,-0.4286580035220403,-0.23058438517333868
1.2,C: 2nd guard 07-10 minus A: 1 guard,avg_initial_wait_sec,3.0,30,-0.4191463213740124,0.28863035480270777,0.05269645203538753,2.045229642132703,0.10777634573799878,-0.5269226671120112,-0.31136997563601365,-0.5530431658004068,-0.28524947694761804
1.2,C: 2nd guard 07-10 minus A: 1 guard,effective_guard_hours,3.0,30,3.0,0.0,0.0,2.045229642132703,0.0,3.0,3.0,3.0,3.0
1.2,C: 2nd guard 07-10 minus B: 2nd guard 07-09,avg_delay_morning_sec,1.0,30,-0.0636910678223962,0.09230858625375402,0.016853164980864123,2.045229642132703,0.034468592582616135,-0.09815966040501234,-0.02922247523978006,-0.1065134120671234,-0.020868723577668988
1.2,C: 2nd guard 07-10 minus B: 2nd guard 07-09,avg_initial_wait_sec,1.0,30,-0.08767853075165036,0.12009680360251948,0.02192657613912254,2.045229642132703,0.04484488347021306,-0.13252341422186342,-0.0428336472814373,-0.14339194675415506,-0.03196511474914566
1.2,C: 2nd guard 07-10 minus B: 2nd guard 07-09,effective_guard_hours,1.0,30,1.0,0.0,0.0,2.045229642132703,0.0,1.0,1.0,1.0,1.0
